Category,Type,Issue Message,Severity,Affected Pages Count,URLs
Technical,Redirects,Redirect chain ends in 404,CRITICAL,9,https://www.sssdynamics.com/wp-content/uploads/solution-story-reworld-hillsborough-190-ft-long.pdf | https://www.sssdynamics.com/wp-content/uploads/equipment_audit-1.pdf | https://www.sssdynamics.com/wp-content/uploads/industrial-slipstick-brochure.pdf | https://www.sssdynamics.com/wp-content/uploads/sanitary-slipstick-brochure.pdf | https://www.sssdynamics.com/wp-content/uploads/corporate-brochure.pdf | https://www.sssdynamics.com/wp-content/themes/va/pdf/the-wonder-of-the-age-brochure.pdf | https://www.sssdynamics.com/wp-content/themes/va/pdf/the-proof-of-the-pudding.pdf | https://www.sssdynamics.com/wp-content/themes/va/pdf/edwin-steele-1896.pdf | https://www.sssdynamics.com/wp-content/themes/va/pdf/gj-article.pdf
Technical,Noindex,Page has noindex directive,CRITICAL,4,https://www.sssdynamics.com/cdn-cgi/l/email-protection | https://www.sssdynamics.com/oem-parts-and-service/equipment-audit | https://www.sssdynamics.com/equipment/vibratory-conveyors/slipstick-sanitary-conveyor | https://www.sssdynamics.com/category/uncategorized
On-Page,Meta Description,Missing meta description,HIGH,51,https://www.sssdynamics.com/resources/videos | https://www.sssdynamics.com/cdn-cgi/l/email-protection | https://www.sssdynamics.com/resources/case-studies | https://www.sssdynamics.com/test-results/separation-of-zinc-and-vermiculite | https://www.sssdynamics.com/equipment/vibratory-conveyors/gates-and-covers | https://www.sssdynamics.com/solutions/high-capacity-potash-screening-success-in-the-middle-east | https://www.sssdynamics.com/test-results/separate-aluminum-and-copper | https://www.sssdynamics.com/resources/events | https://www.sssdynamics.com/solutions/triple-s-test-results-separating-rubber-from-sand | https://www.sssdynamics.com/wp-content/uploads/solution-story-reworld-hillsborough-190-ft-long.pdf | https://www.sssdynamics.com/solutions/conveying-washed-dewatered-beans | https://www.sssdynamics.com/solutions/old-dutch-foods | https://www.sssdynamics.com/solutions/wellness-pet-company | https://www.sssdynamics.com/solutions/all-new-production-line-for-recycling-communication-wire | https://www.sssdynamics.com/test-results/basic-copper-chloride | https://www.sssdynamics.com/solutions/slipstick-industrial-for-conveying-wet-cake-flakes | https://www.sssdynamics.com/solutions/conveying-hot-ash-from-ash-dischargers | https://www.sssdynamics.com/test-results/test-to-validate-screen-size | https://www.sssdynamics.com/test-results/screening-performance-of-texas-shaker | https://www.sssdynamics.com/solutions/screening-alfalfa-cubes-with-texas-shaker | https://www.sssdynamics.com/wp-content/uploads/equipment_audit-1.pdf | https://www.sssdynamics.com/solutions/conveying-bottom-ash | https://www.sssdynamics.com/test-results/remove-mesh-fines-from-hickory-wood-chips | https://www.sssdynamics.com/wp-content/uploads/industrial-slipstick-brochure.pdf | https://www.sssdynamics.com/wp-content/uploads/sanitary-slipstick-brochure.pdf | https://www.sssdynamics.com/wp-content/uploads/corporate-brochure.pdf | https://www.sssdynamics.com/test-results/conveying-potassium-chloride | https://www.sssdynamics.com/test-results/screening-coke-from-gravel | https://www.sssdynamics.com/test-results/mesh-ground-limestone | https://www.sssdynamics.com/test-results/removing-stones-from-pea-and-pinto-beans | https://www.sssdynamics.com/solutions/separating-tree-seeds | https://www.sssdynamics.com/wp-content/themes/va/pdf/the-wonder-of-the-age-brochure.pdf | https://www.sssdynamics.com/wp-content/themes/va/pdf/the-proof-of-the-pudding.pdf | https://www.sssdynamics.com/solutions/conveying-cooked-meats | https://www.sssdynamics.com/test-results/whole-blanched-almonds | https://www.sssdynamics.com/wp-content/themes/va/pdf/edwin-steele-1896.pdf | https://www.sssdynamics.com/test-results/test-travel-rate-of-rock-wool | https://www.sssdynamics.com/wp-content/themes/va/pdf/gj-article.pdf | https://www.sssdynamics.com/dry-separations-processing-industry | https://www.sssdynamics.com/genius-action-gravity-separators-work-part | https://www.sssdynamics.com/category/uncategorized | https://www.sssdynamics.com/genius-action-gravity-separators-work-part-ii | https://www.sssdynamics.com/transporting-hard-handle-materials-horizontal-motion-conveyor | https://www.sssdynamics.com/test-results/differences-of-sutton-stoner-air-and-slope-settings | https://www.sssdynamics.com/answers-12-common-questions-horizontal-motion-conveyors | https://www.sssdynamics.com/vibrating-conveyor-incinerator-ash-handling-systems | https://www.sssdynamics.com/considering-total-cost-ownership-capital-equipment | https://www.sssdynamics.com/test-results/separation-evaluation-of-copper-aluminum-concentrate | https://www.sssdynamics.com/test-results/separating-soybeans-from-weed-seed | https://www.sssdynamics.com/test-results/conveying-chocolate-chips-and-chocolate-candy-pieces | https://www.sssdynamics.com/test-results/removing-sand-from-tea-leaves
Technical,Canonical,Missing canonical tag,HIGH,13,https://www.sssdynamics.com/cdn-cgi/l/email-protection | https://www.sssdynamics.com/oem-parts-and-service/equipment-audit | https://www.sssdynamics.com/wp-content/uploads/solution-story-reworld-hillsborough-190-ft-long.pdf | https://www.sssdynamics.com/equipment/vibratory-conveyors/slipstick-sanitary-conveyor | https://www.sssdynamics.com/wp-content/uploads/equipment_audit-1.pdf | https://www.sssdynamics.com/wp-content/uploads/industrial-slipstick-brochure.pdf | https://www.sssdynamics.com/wp-content/uploads/sanitary-slipstick-brochure.pdf | https://www.sssdynamics.com/wp-content/uploads/corporate-brochure.pdf | https://www.sssdynamics.com/wp-content/themes/va/pdf/the-wonder-of-the-age-brochure.pdf | https://www.sssdynamics.com/wp-content/themes/va/pdf/the-proof-of-the-pudding.pdf | https://www.sssdynamics.com/wp-content/themes/va/pdf/edwin-steele-1896.pdf | https://www.sssdynamics.com/wp-content/themes/va/pdf/gj-article.pdf | https://www.sssdynamics.com/category/uncategorized
On-Page,Title,"Title too short (13 chars, recommended: 30-70)",HIGH,9,https://www.sssdynamics.com/wp-content/uploads/solution-story-reworld-hillsborough-190-ft-long.pdf | https://www.sssdynamics.com/wp-content/uploads/equipment_audit-1.pdf | https://www.sssdynamics.com/wp-content/uploads/industrial-slipstick-brochure.pdf | https://www.sssdynamics.com/wp-content/uploads/sanitary-slipstick-brochure.pdf | https://www.sssdynamics.com/wp-content/uploads/corporate-brochure.pdf | https://www.sssdynamics.com/wp-content/themes/va/pdf/the-wonder-of-the-age-brochure.pdf | https://www.sssdynamics.com/wp-content/themes/va/pdf/the-proof-of-the-pudding.pdf | https://www.sssdynamics.com/wp-content/themes/va/pdf/edwin-steele-1896.pdf | https://www.sssdynamics.com/wp-content/themes/va/pdf/gj-article.pdf
Technical,Redirects,Redirect chain too long (3 hops),HIGH,2,https://www.sssdynamics.com/solutions-center/conveying-incinerator-ash | https://www.sssdynamics.com/solutions-center/scalping-barley
On-Page,Title,"Title too short (29 chars, recommended: 30-70)",HIGH,1,https://www.sssdynamics.com/cdn-cgi/l/email-protection
On-Page,Internal Links,1 potentially broken internal link(s),MEDIUM,37,https://www.sssdynamics.com/equipment/vibratory-conveyors/slipstick-sanitary | https://www.sssdynamics.com/solutions/accumulating-fragile-baked-crackers-prior-to-packaging | https://www.sssdynamics.com/solutions-center/?fwp_product_type=slipstick-sanitary&fwp_industry=food&fwp_bulk_material=4794 | https://www.sssdynamics.com/solutions/old-dutch-foods | https://www.sssdynamics.com/solutions-center/?fwp_product_type=slipstick-sanitary&fwp_industry=food&fwp_bulk_material=4800 | https://www.sssdynamics.com/solutions/wellness-pet-company | https://www.sssdynamics.com/solutions/all-new-production-line-for-recycling-communication-wire | https://www.sssdynamics.com/solutions/slipstick-industrial-for-conveying-wet-cake-flakes | https://www.sssdynamics.com/solutions-center/?fwp_product_type=slipstick-sanitary&fwp_industry=food&fwp_bulk_material=4795 | https://www.sssdynamics.com/solutions/mississippi-lime-company | https://www.sssdynamics.com/solutions-center/?fwp_product_type=slipstick-sanitary&fwp_bulk_material=4721 | https://www.sssdynamics.com/solutions-center/?fwp_product_type=slipstick-sanitary&fwp_industry=food&fwp_bulk_material=4722 | https://www.sssdynamics.com/solutions-center/?fwp_product_type=slipstick-sanitary&fwp_industry=food&fwp_bulk_material=4738 | https://www.sssdynamics.com/solutions/screening-alfalfa-cubes-with-texas-shaker | https://www.sssdynamics.com/resources/case-studies/recycle-reuse-renew-existing-slipstick | https://www.sssdynamics.com/resources/case-studies/maximize-line-yields-reduce-product-degradation | https://www.sssdynamics.com/triple-s-dynamics-at-petfood-forum-2024 | https://www.sssdynamics.com/resources/case-studies/slipstick-conveyor-increases-line-yields | https://www.sssdynamics.com/resources/case-studies/slipstick-alterations-increase-productivity-no-parts-cost-customer | https://www.sssdynamics.com/resources/case-studies/dewatering-problem-solved-mass-burn-incinerators | https://www.sssdynamics.com/resources/case-studies/slipstick-conveyor-solves-maintenance-dust-control-problems | https://www.sssdynamics.com/solutions-center/?fwp_product_type=slipstick-industrial&fwp_bulk_material=4788 | https://www.sssdynamics.com/resources/?fwp_equipment_category=density-separation | https://www.sssdynamics.com/solutions-center/?fwp_product_type=slipstick-industrial&fwp_bulk_material=4742 | https://www.sssdynamics.com/dry-separations-processing-industry | https://www.sssdynamics.com/lab-test-request | https://www.sssdynamics.com/slipstick-conveyor-quote-request | https://www.sssdynamics.com/texas-shaker-screener-quote-request | https://www.sssdynamics.com/conveyor-price-puzzle-little-roi-side | https://www.sssdynamics.com/transporting-hard-handle-materials-horizontal-motion-conveyor | https://www.sssdynamics.com/answers-12-common-questions-horizontal-motion-conveyors | https://www.sssdynamics.com/vibrating-conveyor-incinerator-ash-handling-systems | https://www.sssdynamics.com/solutions-center/?fwp_bulk_material=4746 | https://www.sssdynamics.com/solutions-center/?fwp_bulk_material=4742 | https://www.sssdynamics.com/solutions-center/?fwp_bulk_material=4780 | https://www.sssdynamics.com/solutions-center/?fwp_bulk_material=4799 | https://www.sssdynamics.com/solutions-center/?fwp_bulk_material=4768
On-Page,Image Alt,2 image(s) missing alt text,MEDIUM,34,https://www.sssdynamics.com/equipment/vibratory-conveyors | https://www.sssdynamics.com/equipment | https://www.sssdynamics.com/equipment/density-separation | https://www.sssdynamics.com/test-results/separate-aluminum-and-copper | https://www.sssdynamics.com/solutions-center/conveying-and-accumulating-snack-crackers | https://www.sssdynamics.com/solutions/conveying-washed-dewatered-beans | https://www.sssdynamics.com/solutions/slipstick-industrial-for-conveying-wet-cake-flakes | https://www.sssdynamics.com/solutions/screening-alfalfa-cubes-with-texas-shaker | https://www.sssdynamics.com/solutions/conveying-bottom-ash | https://www.sssdynamics.com/resources/?fwp_equipment_category=mechanical-conveying | https://www.sssdynamics.com/solutions/screening-potash | https://www.sssdynamics.com/resources/case-studies/recycle-reuse-renew-existing-slipstick | https://www.sssdynamics.com/triple-s-dynamics-at-petfood-forum-2024 | https://www.sssdynamics.com/test-results/conveying-potassium-chloride | https://www.sssdynamics.com/resources/case-studies/slipstick-alterations-increase-productivity-no-parts-cost-customer | https://www.sssdynamics.com/resources/case-studies/dewatering-problem-solved-mass-burn-incinerators | https://www.sssdynamics.com/resources/case-studies/slipstick-conveyor-solves-maintenance-dust-control-problems | https://www.sssdynamics.com/solutions/separating-tree-seeds | https://www.sssdynamics.com/test-results/whole-blanched-almonds | https://www.sssdynamics.com/dry-separations-processing-industry | https://www.sssdynamics.com/genius-action-gravity-separators-work-part | https://www.sssdynamics.com/resources/?fwp_product_type=vibratory-conveyors | https://www.sssdynamics.com/genius-action-gravity-separators-work-part-ii | https://www.sssdynamics.com/conveyor-price-puzzle-little-roi-side | https://www.sssdynamics.com/transporting-hard-handle-materials-horizontal-motion-conveyor | https://www.sssdynamics.com/solutions-center/cleaning-corn | https://www.sssdynamics.com/test-results/differences-of-sutton-stoner-air-and-slope-settings | https://www.sssdynamics.com/answers-12-common-questions-horizontal-motion-conveyors | https://www.sssdynamics.com/vibrating-conveyor-incinerator-ash-handling-systems | https://www.sssdynamics.com/considering-total-cost-ownership-capital-equipment | https://www.sssdynamics.com/resources/?fwp_product_type=sutton-stoners | https://www.sssdynamics.com/solutions-center/scalping-corn | https://www.sssdynamics.com/test-results/removing-sand-from-tea-leaves | https://www.sssdynamics.com/solutions/conveying-dusty-ceramic-parts
On-Page,Title,"Title too long (71 chars, recommended: 30-70)",MEDIUM,33,https://www.sssdynamics.com/solutions-center/?fwp_content_type=solutions | https://www.sssdynamics.com/solutions-center | https://www.sssdynamics.com/equipment | https://www.sssdynamics.com/solutions-center/?fwp_content_type=test_results | https://www.sssdynamics.com/solutions-center/?fwp_product_type=slipstick-sanitary&fwp_bulk_material=4748 | https://www.sssdynamics.com/solutions-center/?fwp_product_type=slipstick-sanitary&fwp_industry=food&fwp_bulk_material=4751 | https://www.sssdynamics.com/solutions-center/?fwp_product_type=slipstick-sanitary&fwp_industry=food&fwp_bulk_material=4794 | https://www.sssdynamics.com/solutions-center/?fwp_product_type=slipstick-sanitary&fwp_industry=food | https://www.sssdynamics.com/solutions-center/?fwp_product_type=slipstick-sanitary&fwp_industry=food&fwp_bulk_material=4800 | https://www.sssdynamics.com/solutions-center/?fwp_product_type=slipstick-sanitary&fwp_industry=food&fwp_bulk_material=4744 | https://www.sssdynamics.com/solutions-center/?fwp_product_type=slipstick-sanitary&fwp_industry=food&fwp_bulk_material=4784 | https://www.sssdynamics.com/solutions-center/?fwp_product_type=slipstick-sanitary&fwp_industry=food&fwp_bulk_material=4795 | https://www.sssdynamics.com/solutions-center/?fwp_product_type=slipstick-sanitary&fwp_bulk_material=4721 | https://www.sssdynamics.com/solutions-center/?fwp_product_type=slipstick-sanitary&fwp_industry=food&fwp_bulk_material=4801 | https://www.sssdynamics.com/solutions-center/?fwp_product_type=slipstick-sanitary&fwp_industry=food&fwp_bulk_material=4722 | https://www.sssdynamics.com/solutions-center/?fwp_product_type=slipstick-sanitary&fwp_industry=food&fwp_bulk_material=4738 | https://www.sssdynamics.com/solutions-center/conveying-incinerator-ash | https://www.sssdynamics.com/solutions-center/?fwp_product_type=slipstick-industrial&fwp_bulk_material=4788 | https://www.sssdynamics.com/solutions-center/?fwp_product_type=slipstick-industrial&fwp_bulk_material=4734 | https://www.sssdynamics.com/solutions-center/?fwp_product_type=slipstick-industrial&fwp_bulk_material=4731 | https://www.sssdynamics.com/solutions-center/?fwp_product_type=slipstick-industrial&fwp_bulk_material=4742 | https://www.sssdynamics.com/solutions-center/scalping-barley | https://www.sssdynamics.com/solutions-center/?fwp_bulk_material=4795 | https://www.sssdynamics.com/solutions-center/?fwp_bulk_material=4746 | https://www.sssdynamics.com/solutions-center/?fwp_bulk_material=4742 | https://www.sssdynamics.com/solutions-center/?fwp_bulk_material=4780 | https://www.sssdynamics.com/solutions-center/?fwp_bulk_material=4799 | https://www.sssdynamics.com/solutions-center/?fwp_bulk_material=4741 | https://www.sssdynamics.com/solutions-center/?fwp_bulk_material=4810 | https://www.sssdynamics.com/solutions-center/?fwp_bulk_material=4786 | https://www.sssdynamics.com/solutions-center/?fwp_bulk_material=4768 | https://www.sssdynamics.com/solutions-center/?fwp_bulk_material=4784 | https://www.sssdynamics.com/solutions-center/?fwp_bulk_material=5678
Technical,Canonical,Canonical points to different URL: https://www.sssdynamics.com/solutions-center/,MEDIUM,31,https://www.sssdynamics.com/solutions-center/?fwp_content_type=solutions | https://www.sssdynamics.com/solutions-center/?fwp_content_type=test_results | https://www.sssdynamics.com/solutions-center/?fwp_product_type=slipstick-sanitary&fwp_bulk_material=4748 | https://www.sssdynamics.com/solutions-center/?fwp_product_type=slipstick-sanitary&fwp_industry=food&fwp_bulk_material=4751 | https://www.sssdynamics.com/solutions-center/?fwp_product_type=slipstick-sanitary&fwp_industry=food&fwp_bulk_material=4794 | https://www.sssdynamics.com/solutions-center/?fwp_product_type=slipstick-sanitary&fwp_industry=food | https://www.sssdynamics.com/solutions-center/?fwp_product_type=slipstick-sanitary&fwp_industry=food&fwp_bulk_material=4800 | https://www.sssdynamics.com/solutions-center/?fwp_product_type=slipstick-sanitary&fwp_industry=food&fwp_bulk_material=4744 | https://www.sssdynamics.com/solutions-center/?fwp_product_type=slipstick-sanitary&fwp_industry=food&fwp_bulk_material=4784 | https://www.sssdynamics.com/solutions-center/?fwp_product_type=slipstick-sanitary&fwp_industry=food&fwp_bulk_material=4795 | https://www.sssdynamics.com/solutions-center/?fwp_product_type=slipstick-sanitary&fwp_bulk_material=4721 | https://www.sssdynamics.com/solutions-center/?fwp_product_type=slipstick-sanitary&fwp_industry=food&fwp_bulk_material=4801 | https://www.sssdynamics.com/solutions-center/?fwp_product_type=slipstick-sanitary&fwp_industry=food&fwp_bulk_material=4722 | https://www.sssdynamics.com/solutions-center/?fwp_product_type=slipstick-sanitary&fwp_industry=food&fwp_bulk_material=4738 | https://www.sssdynamics.com/solutions-center/conveying-incinerator-ash | https://www.sssdynamics.com/solutions-center/?fwp_product_type=slipstick-industrial&fwp_bulk_material=4788 | https://www.sssdynamics.com/solutions-center/?fwp_product_type=slipstick-industrial&fwp_bulk_material=4734 | https://www.sssdynamics.com/solutions-center/?fwp_product_type=slipstick-industrial&fwp_bulk_material=4731 | https://www.sssdynamics.com/solutions-center/?fwp_product_type=slipstick-industrial&fwp_bulk_material=4742 | https://www.sssdynamics.com/solutions-center/scalping-barley | https://www.sssdynamics.com/solutions-center/?fwp_bulk_material=4795 | https://www.sssdynamics.com/solutions-center/?fwp_bulk_material=4746 | https://www.sssdynamics.com/solutions-center/?fwp_bulk_material=4742 | https://www.sssdynamics.com/solutions-center/?fwp_bulk_material=4780 | https://www.sssdynamics.com/solutions-center/?fwp_bulk_material=4799 | https://www.sssdynamics.com/solutions-center/?fwp_bulk_material=4741 | https://www.sssdynamics.com/solutions-center/?fwp_bulk_material=4810 | https://www.sssdynamics.com/solutions-center/?fwp_bulk_material=4786 | https://www.sssdynamics.com/solutions-center/?fwp_bulk_material=4768 | https://www.sssdynamics.com/solutions-center/?fwp_bulk_material=4784 | https://www.sssdynamics.com/solutions-center/?fwp_bulk_material=5678
On-Page,Internal Links,2 potentially broken internal link(s),MEDIUM,27,https://www.sssdynamics.com/recommended-drive-rebuilds | https://www.sssdynamics.com/test-results/separation-of-zinc-and-vermiculite | https://www.sssdynamics.com/oem-parts-and-service/drive-rebuild | https://www.sssdynamics.com/test-results/separate-aluminum-and-copper | https://www.sssdynamics.com/solutions-center/?fwp_product_type=slipstick-sanitary&fwp_bulk_material=4748 | https://www.sssdynamics.com/solutions-center/?fwp_product_type=slipstick-sanitary&fwp_industry=food&fwp_bulk_material=4751 | https://www.sssdynamics.com/solutions-center/?fwp_product_type=slipstick-sanitary&fwp_industry=food&fwp_bulk_material=4744 | https://www.sssdynamics.com/solutions-center/?fwp_product_type=slipstick-sanitary&fwp_industry=food&fwp_bulk_material=4784 | https://www.sssdynamics.com/test-results/test-to-validate-screen-size | https://www.sssdynamics.com/test-results/screening-performance-of-texas-shaker | https://www.sssdynamics.com/test-results/remove-mesh-fines-from-hickory-wood-chips | https://www.sssdynamics.com/solutions/screening-potash | https://www.sssdynamics.com/test-results/evaluation-of-scrapped-copper-wire-cable | https://www.sssdynamics.com/test-results/screening-coke-from-gravel | https://www.sssdynamics.com/test-results/removing-stones-bones-from-meat-meal | https://www.sssdynamics.com/test-results/separating-soybeans-weed-seed | https://www.sssdynamics.com/test-results/mesh-ground-limestone | https://www.sssdynamics.com/test-results/removing-stones-from-pea-and-pinto-beans | https://www.sssdynamics.com/solutions/separating-tree-seeds | https://www.sssdynamics.com/solutions-center/cleaning-corn | https://www.sssdynamics.com/test-results/differences-of-sutton-stoner-air-and-slope-settings | https://www.sssdynamics.com/test-results/separation-evaluation-of-copper-aluminum-concentrate | https://www.sssdynamics.com/test-results/separating-soybeans-from-weed-seed | https://www.sssdynamics.com/solutions-center/?fwp_bulk_material=4795 | https://www.sssdynamics.com/solutions-center/scalping-corn | https://www.sssdynamics.com/test-results/removing-sand-from-tea-leaves | https://www.sssdynamics.com/solutions-center/?fwp_bulk_material=4810
On-Page,Internal Links,"Excessive internal links (202, recommended: <100)",MEDIUM,22,https://www.sssdynamics.com/test-results/separation-of-zinc-and-vermiculite | https://www.sssdynamics.com/resources/forms | https://www.sssdynamics.com/solutions/triple-s-test-results-separating-rubber-from-sand | https://www.sssdynamics.com/solutions-center/conveying-and-accumulating-snack-crackers | https://www.sssdynamics.com/solutions/conveying-washed-dewatered-beans | https://www.sssdynamics.com/test-results/basic-copper-chloride | https://www.sssdynamics.com/test-results/test-to-validate-screen-size | https://www.sssdynamics.com/test-results/screening-performance-of-texas-shaker | https://www.sssdynamics.com/test-results/remove-mesh-fines-from-hickory-wood-chips | https://www.sssdynamics.com/solutions/screening-potash | https://www.sssdynamics.com/resources/case-studies/slipstick-conveyor-enables-system-upgrade-without-downtime-on-the-packaging-line | https://www.sssdynamics.com/test-results/mesh-ground-limestone | https://www.sssdynamics.com/test-results/removing-stones-from-pea-and-pinto-beans | https://www.sssdynamics.com/solutions/separating-tree-seeds | https://www.sssdynamics.com/test-results/test-travel-rate-of-rock-wool | https://www.sssdynamics.com/resources/?fwp_product_type=vibratory-conveyors | https://www.sssdynamics.com/solutions-center/cleaning-corn | https://www.sssdynamics.com/news/page/3 | https://www.sssdynamics.com/test-results/separation-evaluation-of-copper-aluminum-concentrate | https://www.sssdynamics.com/test-results/separating-soybeans-from-weed-seed | https://www.sssdynamics.com/solutions-center/scalping-corn | https://www.sssdynamics.com/test-results/conveying-chocolate-chips-and-chocolate-candy-pieces
On-Page,Internal Links,3 potentially broken internal link(s),MEDIUM,16,https://www.sssdynamics.com/solutions-center/conveying-and-accumulating-snack-crackers | https://www.sssdynamics.com/solutions/conveying-washed-dewatered-beans | https://www.sssdynamics.com/test-results/basic-copper-chloride | https://www.sssdynamics.com/solutions/conveying-hot-ash-from-ash-dischargers | https://www.sssdynamics.com/solutions-center/?fwp_product_type=slipstick-sanitary&fwp_industry=food&fwp_bulk_material=4801 | https://www.sssdynamics.com/solutions/conveying-bottom-ash | https://www.sssdynamics.com/solutions/conveying-phenolic-flakes | https://www.sssdynamics.com/test-results/conveying-potassium-chloride | https://www.sssdynamics.com/solutions-center/?fwp_product_type=slipstick-industrial&fwp_bulk_material=4734 | https://www.sssdynamics.com/solutions/conveying-cooked-meats | https://www.sssdynamics.com/test-results/whole-blanched-almonds | https://www.sssdynamics.com/test-results/test-travel-rate-of-rock-wool | https://www.sssdynamics.com/news/page/3 | https://www.sssdynamics.com/test-results/conveying-chocolate-chips-and-chocolate-candy-pieces | https://www.sssdynamics.com/solutions/conveying-dusty-ceramic-parts | https://www.sssdynamics.com/solutions-center/?fwp_bulk_material=4784
On-Page,Image Alt,1 image(s) missing alt text,MEDIUM,12,https://www.sssdynamics.com/solutions/reworld-hillsborough-190ft-long | https://www.sssdynamics.com/equipment/vibratory-conveyors/slipstick-sanitary | https://www.sssdynamics.com/equipment/vibratory-conveyors/slipstick-industrial | https://www.sssdynamics.com/solutions/high-capacity-potash-screening-success-in-the-middle-east | https://www.sssdynamics.com/equipment/density-separation/sutton-stoners | https://www.sssdynamics.com/solutions/accumulating-fragile-baked-crackers-prior-to-packaging | https://www.sssdynamics.com/solutions/old-dutch-foods | https://www.sssdynamics.com/resources/?fwp_product_type=slipstick-sanitary | https://www.sssdynamics.com/solutions/wellness-pet-company | https://www.sssdynamics.com/equipment/vibratory-conveyors/slipstick-sanitary-conveyor | https://www.sssdynamics.com/resources/?fwp_product_type=slipstick-industrial | https://www.sssdynamics.com/resources/?fwp_equipment_category=density-separation
Technical,Canonical,Canonical points to different URL: https://www.sssdynamics.com/resources/,MEDIUM,12,https://www.sssdynamics.com/resources/?fwp_product_type=bottom-ash | https://www.sssdynamics.com/resources/?fwp_product_type=slipstick-sanitary | https://www.sssdynamics.com/resources/?fwp_equipment_category=screening | https://www.sssdynamics.com/resources/?fwp_equipment_category=mechanical-conveying | https://www.sssdynamics.com/resources/?fwp_product_type=slipstick-industrial | https://www.sssdynamics.com/resources/?fwp_product_type=high-speed-screens | https://www.sssdynamics.com/resources/?fwp_equipment_category=density-separation | https://www.sssdynamics.com/resources/?fwp_product_type=texas-shaker-screeners | https://www.sssdynamics.com/resources/?fwp_product_type=gravity-separators | https://www.sssdynamics.com/resources/?fwp_product_type=vibratory-conveyors | https://www.sssdynamics.com/resources/?fwp_product_type=texas-shaker-screener | https://www.sssdynamics.com/resources/?fwp_product_type=sutton-stoners
On-Page,Title,"Title too long (72 chars, recommended: 30-70)",MEDIUM,8,https://www.sssdynamics.com/contact | https://www.sssdynamics.com/contact-us | https://www.sssdynamics.com/contact-us/?interest=slipstick+industrial | https://www.sssdynamics.com/contact-us/?interest=high+speed+screens | https://www.sssdynamics.com/contact-us/?interest=vibratory+conveyors | https://www.sssdynamics.com/contact-us/?interest=texas+shaker+screeners | https://www.sssdynamics.com/contact-us/?interest=sutton+stoners | https://www.sssdynamics.com/contact-us/?interest=sutton+gravity+separators
Technical,Canonical,Canonical points to different URL: https://www.sssdynamics.com/contact-us/,MEDIUM,7,https://www.sssdynamics.com/contact | https://www.sssdynamics.com/contact-us/?interest=slipstick+industrial | https://www.sssdynamics.com/contact-us/?interest=high+speed+screens | https://www.sssdynamics.com/contact-us/?interest=vibratory+conveyors | https://www.sssdynamics.com/contact-us/?interest=texas+shaker+screeners | https://www.sssdynamics.com/contact-us/?interest=sutton+stoners | https://www.sssdynamics.com/contact-us/?interest=sutton+gravity+separators
On-Page,Internal Links,Link without anchor text: https://www.sssdynamics.com/equipment/vibratory-co,MEDIUM,7,https://www.sssdynamics.com/equipment/vibratory-conveyors/slipstick-sanitary | https://www.sssdynamics.com/equipment/vibratory-conveyors | https://www.sssdynamics.com/equipment/vibratory-conveyors/slipstick-industrial | https://www.sssdynamics.com/equipment/vibratory-conveyors/gates-and-covers | https://www.sssdynamics.com/equipment/vibratory-conveyors/vibratory-feeders | https://www.sssdynamics.com/equipment/vibratory-conveyors/other-vibratory-conveyors | https://www.sssdynamics.com/equipment/vibratory-conveyors/slipstick-sanitary-conveyor
On-Page,Image Alt,4 image(s) missing alt text,MEDIUM,5,https://www.sssdynamics.com/equipment/vibratory-conveyors/other-vibratory-conveyors | https://www.sssdynamics.com/solutions/triple-s-test-results-separating-rubber-from-sand | https://www.sssdynamics.com/solutions/mississippi-lime-company | https://www.sssdynamics.com/solutions/conveying-phenolic-flakes | https://www.sssdynamics.com/solutions/conveying-cooked-meats
On-Page,Internal Links,"Excessive internal links (207, recommended: <100)",MEDIUM,4,https://www.sssdynamics.com/recommended-drive-rebuilds | https://www.sssdynamics.com/industries/food-grade-conveyors | https://www.sssdynamics.com/industries/minerals | https://www.sssdynamics.com/industries/food-wine
On-Page,Title,"Title too long (74 chars, recommended: 30-70)",MEDIUM,3,https://www.sssdynamics.com/oem-parts-and-service/field-service | https://www.sssdynamics.com/industries | https://www.sssdynamics.com/resources/case-studies/maximize-line-yields-reduce-product-degradation
On-Page,Image Alt,3 image(s) missing alt text,MEDIUM,3,https://www.sssdynamics.com/resources | https://www.sssdynamics.com/solutions/all-new-production-line-for-recycling-communication-wire | https://www.sssdynamics.com/solutions/conveying-hot-ash-from-ash-dischargers
On-Page,Internal Links,6 potentially broken internal link(s),MEDIUM,3,https://www.sssdynamics.com/solutions-center/?fwp_product_type=slipstick-sanitary&fwp_industry=food | https://www.sssdynamics.com/resources/?fwp_product_type=slipstick-industrial | https://www.sssdynamics.com/resources/?fwp_product_type=gravity-separators
On-Page,Internal Links,5 potentially broken internal link(s),MEDIUM,3,https://www.sssdynamics.com/resources/?fwp_product_type=slipstick-sanitary | https://www.sssdynamics.com/resources/?fwp_equipment_category=screening | https://www.sssdynamics.com/resources/?fwp_product_type=sutton-stoners
On-Page,Title,"Title too long (89 chars, recommended: 30-70)",MEDIUM,3,https://www.sssdynamics.com/test-results/screening-performance-of-texas-shaker | https://www.sssdynamics.com/test-results/conveying-potassium-chloride | https://www.sssdynamics.com/test-results/test-travel-rate-of-rock-wool
On-Page,Internal Links,Link without anchor text: https://www.sssdynamics.com/resources/?fwp_equipme,MEDIUM,3,https://www.sssdynamics.com/resources/?fwp_equipment_category=screening | https://www.sssdynamics.com/resources/?fwp_equipment_category=mechanical-conveying | https://www.sssdynamics.com/resources/?fwp_equipment_category=density-separation
On-Page,Meta Description,"Meta description too short (67 chars, recommended: 120-160)",MEDIUM,3,https://www.sssdynamics.com/solutions/conveying-phenolic-flakes | https://www.sssdynamics.com/solutions-center/cleaning-corn | https://www.sssdynamics.com/solutions-center/scalping-corn
On-Page,Internal Links,Link without anchor text: https://www.sssdynamics.com/test-results/removing-,MEDIUM,3,https://www.sssdynamics.com/test-results/removing-stones-bones-from-meat-meal | https://www.sssdynamics.com/test-results/removing-stones-from-pea-and-pinto-beans | https://www.sssdynamics.com/test-results/removing-sand-from-tea-leaves
On-Page,Internal Links,Link without anchor text: https://www.sssdynamics.com/wp-content/uploads/bef,MEDIUM,2,https://www.sssdynamics.com/recommended-drive-rebuilds | https://www.sssdynamics.com/oem-parts-and-service/drive-rebuild
On-Page,Internal Links,Link without anchor text: https://www.sssdynamics.com/wp-content/uploads/aft,MEDIUM,2,https://www.sssdynamics.com/recommended-drive-rebuilds | https://www.sssdynamics.com/oem-parts-and-service/drive-rebuild
On-Page,Internal Links,"Excessive internal links (222, recommended: <100)",MEDIUM,2,https://www.sssdynamics.com/resources/literature | https://www.sssdynamics.com/industries/agriculture-grains-nuts
On-Page,Title,"Title too long (91 chars, recommended: 30-70)",MEDIUM,2,https://www.sssdynamics.com/test-results/separation-of-zinc-and-vermiculite | https://www.sssdynamics.com/test-results/separating-soybeans-from-weed-seed
On-Page,Internal Links,Link without anchor text: https://www.sssdynamics.com/test-results/separatio,MEDIUM,2,https://www.sssdynamics.com/test-results/separation-of-zinc-and-vermiculite | https://www.sssdynamics.com/test-results/separation-evaluation-of-copper-aluminum-concentrate
On-Page,Meta Description,"Meta description too short (117 chars, recommended: 120-160)",MEDIUM,2,https://www.sssdynamics.com/equipment/vibratory-conveyors/vibratory-feeders | https://www.sssdynamics.com/test-results/screening-out-fines-from-pet-flakes
On-Page,Title,"Title too long (77 chars, recommended: 30-70)",MEDIUM,2,https://www.sssdynamics.com/solutions/high-capacity-potash-screening-success-in-the-middle-east | https://www.sssdynamics.com/conveyor-price-puzzle-little-roi-side
On-Page,Title,"Title too long (78 chars, recommended: 30-70)",MEDIUM,2,https://www.sssdynamics.com/resources/applications-laboratory | https://www.sssdynamics.com/industries/agriculture-grains-nuts
On-Page,Image Alt,5 image(s) missing alt text,MEDIUM,2,https://www.sssdynamics.com/equipment/screening/texas-shaker-screeners | https://www.sssdynamics.com/resources/?fwp_product_type=texas-shaker-screener
On-Page,Internal Links,Link without anchor text: https://www.sssdynamics.com/solutions-center/conve,MEDIUM,2,https://www.sssdynamics.com/solutions-center/conveying-and-accumulating-snack-crackers | https://www.sssdynamics.com/solutions-center/conveying-incinerator-ash
On-Page,Title,"Title too long (76 chars, recommended: 30-70)",MEDIUM,2,https://www.sssdynamics.com/solutions/all-new-production-line-for-recycling-communication-wire | https://www.sssdynamics.com/resources/case-studies/slipstick-conveyor-solves-maintenance-dust-control-problems
On-Page,Title,"Title too long (80 chars, recommended: 30-70)",MEDIUM,2,https://www.sssdynamics.com/test-results/basic-copper-chloride | https://www.sssdynamics.com/test-results/test-to-validate-screen-size
On-Page,Title,"Title too long (93 chars, recommended: 30-70)",MEDIUM,2,https://www.sssdynamics.com/test-results/remove-mesh-fines-from-hickory-wood-chips | https://www.sssdynamics.com/test-results/screening-coke-from-gravel
On-Page,Internal Links,Link without anchor text: https://www.sssdynamics.com/test-results/conveying,MEDIUM,2,https://www.sssdynamics.com/test-results/conveying-potassium-chloride | https://www.sssdynamics.com/test-results/conveying-chocolate-chips-and-chocolate-candy-pieces
On-Page,Internal Links,Link without anchor text: https://www.sssdynamics.com/test-results/separatin,MEDIUM,2,https://www.sssdynamics.com/test-results/separating-soybeans-weed-seed | https://www.sssdynamics.com/test-results/separating-soybeans-from-weed-seed
On-Page,Internal Links,7 potentially broken internal link(s),MEDIUM,2,https://www.sssdynamics.com/resources/?fwp_product_type=texas-shaker-screeners | https://www.sssdynamics.com/solutions-center/?fwp_bulk_material=4786
On-Page,Title,"Title too long (82 chars, recommended: 30-70)",MEDIUM,2,https://www.sssdynamics.com/test-results/whole-blanched-almonds | https://www.sssdynamics.com/test-results/removing-sand-from-tea-leaves
On-Page,Internal Links,4 potentially broken internal link(s),MEDIUM,2,https://www.sssdynamics.com/resources/?fwp_product_type=vibratory-conveyors | https://www.sssdynamics.com/resources/?fwp_product_type=texas-shaker-screener
Technical,Canonical,Canonical points to different URL: https://www.sssdynamics.com/solutions/cleaning-dry-shelled-corn/,MEDIUM,2,https://www.sssdynamics.com/solutions-center/cleaning-corn | https://www.sssdynamics.com/solutions-center/scalping-corn
On-Page,Meta Description,"Meta description too short (95 chars, recommended: 120-160)",MEDIUM,1,https://www.sssdynamics.com/recommended-drive-rebuilds
On-Page,Internal Links,Link without anchor text: https://www.sssdynamics.com/recommended-drive-rebu,MEDIUM,1,https://www.sssdynamics.com/recommended-drive-rebuilds
On-Page,Internal Links,"Excessive internal links (224, recommended: <100)",MEDIUM,1,https://www.sssdynamics.com/equipment/vibratory-conveyors/slipstick-sanitary
On-Page,Meta Description,"Meta description too short (110 chars, recommended: 120-160)",MEDIUM,1,https://www.sssdynamics.com/equipment/vibratory-conveyors
On-Page,Title,"Title too long (73 chars, recommended: 30-70)",MEDIUM,1,https://www.sssdynamics.com/industries/chemical-fertilizers
On-Page,Meta Description,"Meta description too short (115 chars, recommended: 120-160)",MEDIUM,1,https://www.sssdynamics.com/oem-parts-and-service/field-service
On-Page,Meta Description,"Meta description too short (108 chars, recommended: 120-160)",MEDIUM,1,https://www.sssdynamics.com/industries/refuse
On-Page,Internal Links,Link without anchor text: https://www.sssdynamics.com/resources/literature,MEDIUM,1,https://www.sssdynamics.com/resources/literature
On-Page,Internal Links,24 potentially broken internal link(s),MEDIUM,1,https://www.sssdynamics.com/resources/literature
On-Page,Title,"Title too long (79 chars, recommended: 30-70)",MEDIUM,1,https://www.sssdynamics.com/equipment/density-separation
On-Page,Title,"Title too long (81 chars, recommended: 30-70)",MEDIUM,1,https://www.sssdynamics.com/test-results/separate-aluminum-and-copper
On-Page,Internal Links,Link without anchor text: https://www.sssdynamics.com/test-results/separate-,MEDIUM,1,https://www.sssdynamics.com/test-results/separate-aluminum-and-copper
On-Page,Internal Links,Link without anchor text: https://www.sssdynamics.com/applications,MEDIUM,1,https://www.sssdynamics.com/applications
On-Page,Internal Links,"Excessive internal links (278, recommended: <100)",MEDIUM,1,https://www.sssdynamics.com/applications
On-Page,Internal Links,55 potentially broken internal link(s),MEDIUM,1,https://www.sssdynamics.com/applications
On-Page,Title,"Title too long (86 chars, recommended: 30-70)",MEDIUM,1,https://www.sssdynamics.com/test-results/screening-out-fines-from-pet-flakes
On-Page,Meta Description,"Meta description too short (116 chars, recommended: 120-160)",MEDIUM,1,https://www.sssdynamics.com/solutions/accumulating-fragile-baked-crackers-prior-to-packaging
On-Page,Internal Links,Link without anchor text: https://www.sssdynamics.com/solutions/accumulating,MEDIUM,1,https://www.sssdynamics.com/solutions/accumulating-fragile-baked-crackers-prior-to-packaging
Technical,Canonical,Canonical points to different URL: https://www.sssdynamics.com/solutions/conveying-crackers-with-little-or-no-product-loss/,MEDIUM,1,https://www.sssdynamics.com/solutions-center/conveying-and-accumulating-snack-crackers
On-Page,Meta Description,"Meta description too short (91 chars, recommended: 120-160)",MEDIUM,1,https://www.sssdynamics.com/solutions-center/conveying-and-accumulating-snack-crackers
On-Page,Internal Links,Link without anchor text: https://www.sssdynamics.com/solutions/conveying-wa,MEDIUM,1,https://www.sssdynamics.com/solutions/conveying-washed-dewatered-beans
On-Page,Internal Links,Link without anchor text: https://www.sssdynamics.com/solutions/old-dutch-fo,MEDIUM,1,https://www.sssdynamics.com/solutions/old-dutch-foods
On-Page,Internal Links,Link without anchor text: https://www.sssdynamics.com/solutions/wellness-pet,MEDIUM,1,https://www.sssdynamics.com/solutions/wellness-pet-company
On-Page,Internal Links,Link without anchor text: https://www.sssdynamics.com/solutions/all-new-prod,MEDIUM,1,https://www.sssdynamics.com/solutions/all-new-production-line-for-recycling-communication-wire
On-Page,Internal Links,Link without anchor text: https://www.sssdynamics.com/test-results/basic-cop,MEDIUM,1,https://www.sssdynamics.com/test-results/basic-copper-chloride
On-Page,Internal Links,Link without anchor text: https://www.sssdynamics.com/solutions/slipstick-in,MEDIUM,1,https://www.sssdynamics.com/solutions/slipstick-industrial-for-conveying-wet-cake-flakes
On-Page,Internal Links,Link without anchor text: https://www.sssdynamics.com/solutions/conveying-ho,MEDIUM,1,https://www.sssdynamics.com/solutions/conveying-hot-ash-from-ash-dischargers
On-Page,Internal Links,Link without anchor text: https://www.sssdynamics.com/solutions/mississippi-,MEDIUM,1,https://www.sssdynamics.com/solutions/mississippi-lime-company
On-Page,Internal Links,Link without anchor text: https://www.sssdynamics.com/test-results/test-to-v,MEDIUM,1,https://www.sssdynamics.com/test-results/test-to-validate-screen-size
Technical,Canonical,Canonical points to different URL: https://www.sssdynamics.com/industries/food-grade-conveyors/,MEDIUM,1,https://www.sssdynamics.com/industries/food-wine
On-Page,Internal Links,Link without anchor text: https://www.sssdynamics.com/solutions/screening-al,MEDIUM,1,https://www.sssdynamics.com/solutions/screening-alfalfa-cubes-with-texas-shaker
On-Page,Internal Links,Link without anchor text: https://www.sssdynamics.com/solutions/conveying-bo,MEDIUM,1,https://www.sssdynamics.com/solutions/conveying-bottom-ash
On-Page,Internal Links,Link without anchor text: https://www.sssdynamics.com/test-results/remove-me,MEDIUM,1,https://www.sssdynamics.com/test-results/remove-mesh-fines-from-hickory-wood-chips
On-Page,Meta Description,"Meta description too short (58 chars, recommended: 120-160)",MEDIUM,1,https://www.sssdynamics.com/solutions/screening-potash
On-Page,Internal Links,Link without anchor text: https://www.sssdynamics.com/solutions/screening-po,MEDIUM,1,https://www.sssdynamics.com/solutions/screening-potash
On-Page,Internal Links,Link without anchor text: https://www.sssdynamics.com/solutions/conveying-ph,MEDIUM,1,https://www.sssdynamics.com/solutions/conveying-phenolic-flakes
On-Page,Title,"Title too long (75 chars, recommended: 30-70)",MEDIUM,1,https://www.sssdynamics.com/resources/case-studies/recycle-reuse-renew-existing-slipstick
On-Page,Meta Description,"Meta description too short (109 chars, recommended: 120-160)",MEDIUM,1,https://www.sssdynamics.com/triple-s-dynamics-at-petfood-forum-2024
On-Page,Title,"Title too long (84 chars, recommended: 30-70)",MEDIUM,1,https://www.sssdynamics.com/resources/case-studies/slipstick-conveyor-increases-line-yields
On-Page,Title,"Title too long (138 chars, recommended: 30-70)",MEDIUM,1,https://www.sssdynamics.com/test-results/evaluation-of-scrapped-copper-wire-cable
On-Page,Meta Description,"Meta description too short (100 chars, recommended: 120-160)",MEDIUM,1,https://www.sssdynamics.com/test-results/evaluation-of-scrapped-copper-wire-cable
On-Page,Internal Links,Link without anchor text: https://www.sssdynamics.com/test-results/evaluatio,MEDIUM,1,https://www.sssdynamics.com/test-results/evaluation-of-scrapped-copper-wire-cable
On-Page,Title,"Title too long (107 chars, recommended: 30-70)",MEDIUM,1,https://www.sssdynamics.com/test-results/removing-stones-bones-from-meat-meal
On-Page,Meta Description,"Meta description too short (92 chars, recommended: 120-160)",MEDIUM,1,https://www.sssdynamics.com/test-results/removing-stones-bones-from-meat-meal
On-Page,Title,"Title too long (142 chars, recommended: 30-70)",MEDIUM,1,https://www.sssdynamics.com/test-results/separating-soybeans-weed-seed
On-Page,Internal Links,Link without anchor text: https://www.sssdynamics.com/test-results/mesh-grou,MEDIUM,1,https://www.sssdynamics.com/test-results/mesh-ground-limestone
On-Page,Title,"Title too long (97 chars, recommended: 30-70)",MEDIUM,1,https://www.sssdynamics.com/test-results/removing-stones-from-pea-and-pinto-beans
On-Page,Internal Links,Link without anchor text: https://www.sssdynamics.com/solutions/separating-t,MEDIUM,1,https://www.sssdynamics.com/solutions/separating-tree-seeds
On-Page,Internal Links,Link without anchor text: https://www.sssdynamics.com/solutions/conveying-co,MEDIUM,1,https://www.sssdynamics.com/solutions/conveying-cooked-meats
On-Page,Internal Links,Link without anchor text: https://www.sssdynamics.com/test-results/whole-bla,MEDIUM,1,https://www.sssdynamics.com/test-results/whole-blanched-almonds
On-Page,Internal Links,Link without anchor text: https://www.sssdynamics.com/test-results/test-trav,MEDIUM,1,https://www.sssdynamics.com/test-results/test-travel-rate-of-rock-wool
On-Page,Internal Links,Link without anchor text: https://www.sssdynamics.com/lab-test-request,MEDIUM,1,https://www.sssdynamics.com/lab-test-request
On-Page,Internal Links,Link without anchor text: https://www.sssdynamics.com/news/page/2,MEDIUM,1,https://www.sssdynamics.com/news/page/2
On-Page,Internal Links,Link without anchor text: https://www.sssdynamics.com/maintaining-process-ef,MEDIUM,1,https://www.sssdynamics.com/news/page/2
On-Page,Internal Links,Link without anchor text: https://www.sssdynamics.com/hopkinsville-elevator-,MEDIUM,1,https://www.sssdynamics.com/news/page/2
On-Page,Internal Links,Link without anchor text: https://www.sssdynamics.com/improved-sanitation-re,MEDIUM,1,https://www.sssdynamics.com/news/page/2
On-Page,Internal Links,Link without anchor text: https://www.sssdynamics.com/chemical-engineering-f,MEDIUM,1,https://www.sssdynamics.com/news/page/2
On-Page,Internal Links,Link without anchor text: https://www.sssdynamics.com/texas-shaker-shakes-gr,MEDIUM,1,https://www.sssdynamics.com/news/page/2
On-Page,Internal Links,Link without anchor text: https://www.sssdynamics.com/dry-separation-method,MEDIUM,1,https://www.sssdynamics.com/news/page/2
On-Page,Internal Links,Link without anchor text: https://www.sssdynamics.com/belt-vibrating-trough-,MEDIUM,1,https://www.sssdynamics.com/news/page/2
On-Page,Internal Links,Link without anchor text: https://www.sssdynamics.com/west-central-adds-clea,MEDIUM,1,https://www.sssdynamics.com/news/page/2
Technical,Canonical,Canonical points to homepage instead of current page,MEDIUM,1,https://www.sssdynamics.com/author/vapro
Technical,Canonical,Canonical points to different URL: https://www.sssdynamics.com/,MEDIUM,1,https://www.sssdynamics.com/author/vapro
On-Page,Internal Links,Link without anchor text: https://www.sssdynamics.com/slipstick-conveyor-quo,MEDIUM,1,https://www.sssdynamics.com/slipstick-conveyor-quote-request
On-Page,Internal Links,Link without anchor text: https://www.sssdynamics.com/texas-shaker-screener-,MEDIUM,1,https://www.sssdynamics.com/texas-shaker-screener-quote-request
Technical,Canonical,Canonical points to different URL: https://www.sssdynamics.com/news/,MEDIUM,1,https://www.sssdynamics.com/category/news-and-articles
On-Page,Internal Links,Link without anchor text: https://www.sssdynamics.com/solutions-center/clean,MEDIUM,1,https://www.sssdynamics.com/solutions-center/cleaning-corn
On-Page,Internal Links,Link without anchor text: https://www.sssdynamics.com/news/page/3,MEDIUM,1,https://www.sssdynamics.com/news/page/3
On-Page,Internal Links,Link without anchor text: https://www.sssdynamics.com/triples-dynamics-annou,MEDIUM,1,https://www.sssdynamics.com/news/page/3
On-Page,Title,"Title too long (104 chars, recommended: 30-70)",MEDIUM,1,https://www.sssdynamics.com/test-results/differences-of-sutton-stoner-air-and-slope-settings
On-Page,Internal Links,Link without anchor text: https://www.sssdynamics.com/test-results/differenc,MEDIUM,1,https://www.sssdynamics.com/test-results/differences-of-sutton-stoner-air-and-slope-settings
On-Page,Internal Links,Link without anchor text: https://www.sssdynamics.com/answers-12-common-ques,MEDIUM,1,https://www.sssdynamics.com/answers-12-common-questions-horizontal-motion-conveyors
On-Page,Title,"Title too long (110 chars, recommended: 30-70)",MEDIUM,1,https://www.sssdynamics.com/test-results/separation-evaluation-of-copper-aluminum-concentrate
On-Page,Title,"Title too long (111 chars, recommended: 30-70)",MEDIUM,1,https://www.sssdynamics.com/test-results/conveying-chocolate-chips-and-chocolate-candy-pieces
On-Page,Meta Description,"Meta description too short (71 chars, recommended: 120-160)",MEDIUM,1,https://www.sssdynamics.com/solutions/conveying-dusty-ceramic-parts
On-Page,Internal Links,Link without anchor text: https://www.sssdynamics.com/solutions/conveying-du,MEDIUM,1,https://www.sssdynamics.com/solutions/conveying-dusty-ceramic-parts
On-Page,Internal Links,Link without anchor text: https://www.sssdynamics.com/,LOW,168,https://www.sssdynamics.com/ | https://www.sssdynamics.com/ | https://www.sssdynamics.com/ | https://www.sssdynamics.com/recommended-drive-rebuilds | https://www.sssdynamics.com/resources/videos | https://www.sssdynamics.com/solutions/reworld-hillsborough-190ft-long | https://www.sssdynamics.com/industries/food-grade-conveyors | https://www.sssdynamics.com/contact | https://www.sssdynamics.com/equipment/vibratory-conveyors/slipstick-sanitary | https://www.sssdynamics.com/free-ebook-vibratory-conveyor | https://www.sssdynamics.com/solutions-center/?fwp_content_type=solutions | https://www.sssdynamics.com/industries/wood-products | https://www.sssdynamics.com/equipment/vibratory-conveyors | https://www.sssdynamics.com/solutions-center | https://www.sssdynamics.com/equipment | https://www.sssdynamics.com/equipment/screening | https://www.sssdynamics.com/industries/chemical-fertilizers | https://www.sssdynamics.com/about | https://www.sssdynamics.com/oem-parts-and-service/field-service | https://www.sssdynamics.com/oem-parts-and-service/equipment-audit | https://www.sssdynamics.com/industries/refuse | https://www.sssdynamics.com/industries | https://www.sssdynamics.com/oem-parts-and-service/request-a-manual | https://www.sssdynamics.com/industries/metals-recycling | https://www.sssdynamics.com/resources/literature | https://www.sssdynamics.com/resources | https://www.sssdynamics.com/resources/case-studies | https://www.sssdynamics.com/industries/foundry | https://www.sssdynamics.com/equipment/vibratory-conveyors/slipstick-industrial | https://www.sssdynamics.com/equipment/screening/high-speed-screens | https://www.sssdynamics.com/equipment/density-separation | https://www.sssdynamics.com/test-results/separation-of-zinc-and-vermiculite | https://www.sssdynamics.com/contact-us | https://www.sssdynamics.com/about/history | https://www.sssdynamics.com/equipment/vibratory-conveyors/gates-and-covers | https://www.sssdynamics.com/equipment/vibratory-conveyors/vibratory-feeders | https://www.sssdynamics.com/solutions/high-capacity-potash-screening-success-in-the-middle-east | https://www.sssdynamics.com/oem-parts-and-service/drive-rebuild | https://www.sssdynamics.com/oem-parts-and-service/oem-parts | https://www.sssdynamics.com/resources/forms | https://www.sssdynamics.com/resources/applications-laboratory | https://www.sssdynamics.com/industries/lithium-ion-battery-recycling | https://www.sssdynamics.com/equipment/vibratory-conveyors/other-vibratory-conveyors | https://www.sssdynamics.com/news | https://www.sssdynamics.com/test-results/separate-aluminum-and-copper | https://www.sssdynamics.com/equipment/screening/texas-shaker-screeners | https://www.sssdynamics.com/industries/agriculture-grains-nuts | https://www.sssdynamics.com/oem-parts-and-service | https://www.sssdynamics.com/solutions-center/?fwp_content_type=test_results | https://www.sssdynamics.com/equipment/density-separation/sutton-stoners | https://www.sssdynamics.com/resources/events | https://www.sssdynamics.com/equipment/density-separation/sutton-gravity-separators | https://www.sssdynamics.com/industries/minerals | https://www.sssdynamics.com/resources/?fwp_product_type=bottom-ash | https://www.sssdynamics.com/applications | https://www.sssdynamics.com/solutions/triple-s-test-results-separating-rubber-from-sand | https://www.sssdynamics.com/test-results/screening-out-fines-from-pet-flakes | https://www.sssdynamics.com/solutions-center/?fwp_product_type=slipstick-sanitary&fwp_bulk_material=4748 | https://www.sssdynamics.com/resources/glossary-of-terms | https://www.sssdynamics.com/resources/faq | https://www.sssdynamics.com/solutions/accumulating-fragile-baked-crackers-prior-to-packaging | https://www.sssdynamics.com/solutions-center/?fwp_product_type=slipstick-sanitary&fwp_industry=food&fwp_bulk_material=4751 | https://www.sssdynamics.com/about/employment | https://www.sssdynamics.com/solutions-center/conveying-and-accumulating-snack-crackers | https://www.sssdynamics.com/solutions-center/?fwp_product_type=slipstick-sanitary&fwp_industry=food&fwp_bulk_material=4794 | https://www.sssdynamics.com/solutions/conveying-washed-dewatered-beans | https://www.sssdynamics.com/solutions/old-dutch-foods | https://www.sssdynamics.com/solutions-center/?fwp_product_type=slipstick-sanitary&fwp_industry=food | https://www.sssdynamics.com/resources/?fwp_product_type=slipstick-sanitary | https://www.sssdynamics.com/solutions-center/?fwp_product_type=slipstick-sanitary&fwp_industry=food&fwp_bulk_material=4800 | https://www.sssdynamics.com/solutions-center/?fwp_product_type=slipstick-sanitary&fwp_industry=food&fwp_bulk_material=4744 | https://www.sssdynamics.com/solutions-center/?fwp_product_type=slipstick-sanitary&fwp_industry=food&fwp_bulk_material=4784 | https://www.sssdynamics.com/solutions/wellness-pet-company | https://www.sssdynamics.com/solutions/all-new-production-line-for-recycling-communication-wire | https://www.sssdynamics.com/test-results/basic-copper-chloride | https://www.sssdynamics.com/solutions/slipstick-industrial-for-conveying-wet-cake-flakes | https://www.sssdynamics.com/solutions/conveying-hot-ash-from-ash-dischargers | https://www.sssdynamics.com/solutions-center/?fwp_product_type=slipstick-sanitary&fwp_industry=food&fwp_bulk_material=4795 | https://www.sssdynamics.com/solutions/mississippi-lime-company | https://www.sssdynamics.com/equipment/vibratory-conveyors/slipstick-sanitary-conveyor | https://www.sssdynamics.com/solutions-center/?fwp_product_type=slipstick-sanitary&fwp_bulk_material=4721 | https://www.sssdynamics.com/solutions-center/?fwp_product_type=slipstick-sanitary&fwp_industry=food&fwp_bulk_material=4801 | https://www.sssdynamics.com/test-results/test-to-validate-screen-size | https://www.sssdynamics.com/industries/food-wine | https://www.sssdynamics.com/test-results/screening-performance-of-texas-shaker | https://www.sssdynamics.com/solutions-center/?fwp_product_type=slipstick-sanitary&fwp_industry=food&fwp_bulk_material=4722 | https://www.sssdynamics.com/solutions-center/?fwp_product_type=slipstick-sanitary&fwp_industry=food&fwp_bulk_material=4738 | https://www.sssdynamics.com/solutions/screening-alfalfa-cubes-with-texas-shaker | https://www.sssdynamics.com/solutions/conveying-bottom-ash | https://www.sssdynamics.com/test-results/remove-mesh-fines-from-hickory-wood-chips | https://www.sssdynamics.com/resources/?fwp_equipment_category=screening | https://www.sssdynamics.com/resources/?fwp_equipment_category=mechanical-conveying | https://www.sssdynamics.com/solutions-center/conveying-incinerator-ash | https://www.sssdynamics.com/solutions/screening-potash | https://www.sssdynamics.com/solutions/conveying-phenolic-flakes | https://www.sssdynamics.com/resources/case-studies/recycle-reuse-renew-existing-slipstick | https://www.sssdynamics.com/resources/case-studies/maximize-line-yields-reduce-product-degradation | https://www.sssdynamics.com/resources/case-studies/slipstick-conveyor-enables-system-upgrade-without-downtime-on-the-packaging-line | https://www.sssdynamics.com/triple-s-dynamics-at-petfood-forum-2024 | https://www.sssdynamics.com/resources/case-studies/slipstick-conveyor-increases-line-yields | https://www.sssdynamics.com/test-results/conveying-potassium-chloride | https://www.sssdynamics.com/resources/?fwp_product_type=slipstick-industrial | https://www.sssdynamics.com/resources/case-studies/slipstick-alterations-increase-productivity-no-parts-cost-customer | https://www.sssdynamics.com/resources/case-studies/dewatering-problem-solved-mass-burn-incinerators | https://www.sssdynamics.com/resources/case-studies/slipstick-conveyor-solves-maintenance-dust-control-problems | https://www.sssdynamics.com/solutions-center/?fwp_product_type=slipstick-industrial&fwp_bulk_material=4788 | https://www.sssdynamics.com/test-results/evaluation-of-scrapped-copper-wire-cable | https://www.sssdynamics.com/resources/?fwp_product_type=high-speed-screens | https://www.sssdynamics.com/test-results/screening-coke-from-gravel | https://www.sssdynamics.com/solutions-center/?fwp_product_type=slipstick-industrial&fwp_bulk_material=4734 | https://www.sssdynamics.com/solutions-center/?fwp_product_type=slipstick-industrial&fwp_bulk_material=4731 | https://www.sssdynamics.com/resources/?fwp_equipment_category=density-separation | https://www.sssdynamics.com/contact-us/?interest=slipstick+industrial | https://www.sssdynamics.com/test-results/removing-stones-bones-from-meat-meal | https://www.sssdynamics.com/solutions-center/?fwp_product_type=slipstick-industrial&fwp_bulk_material=4742 | https://www.sssdynamics.com/test-results/separating-soybeans-weed-seed | https://www.sssdynamics.com/test-results/mesh-ground-limestone | https://www.sssdynamics.com/resources/?fwp_product_type=texas-shaker-screeners | https://www.sssdynamics.com/test-results/removing-stones-from-pea-and-pinto-beans | https://www.sssdynamics.com/contact-us/?interest=high+speed+screens | https://www.sssdynamics.com/solutions/separating-tree-seeds | https://www.sssdynamics.com/resources/?fwp_product_type=gravity-separators | https://www.sssdynamics.com/solutions/conveying-cooked-meats | https://www.sssdynamics.com/test-results/whole-blanched-almonds | https://www.sssdynamics.com/test-results/test-travel-rate-of-rock-wool | https://www.sssdynamics.com/dry-separations-processing-industry | https://www.sssdynamics.com/genius-action-gravity-separators-work-part | https://www.sssdynamics.com/lab-test-request | https://www.sssdynamics.com/news/page/2 | https://www.sssdynamics.com/author/vapro | https://www.sssdynamics.com/slipstick-conveyor-quote-request | https://www.sssdynamics.com/category/uncategorized | https://www.sssdynamics.com/contact-us/?interest=vibratory+conveyors | https://www.sssdynamics.com/texas-shaker-screener-quote-request | https://www.sssdynamics.com/resources/?fwp_product_type=vibratory-conveyors | https://www.sssdynamics.com/genius-action-gravity-separators-work-part-ii | https://www.sssdynamics.com/category/news-and-articles | https://www.sssdynamics.com/conveyor-price-puzzle-little-roi-side | https://www.sssdynamics.com/contact-us/?interest=texas+shaker+screeners | https://www.sssdynamics.com/resources/?fwp_product_type=texas-shaker-screener | https://www.sssdynamics.com/transporting-hard-handle-materials-horizontal-motion-conveyor | https://www.sssdynamics.com/solutions-center/cleaning-corn | https://www.sssdynamics.com/news/page/3 | https://www.sssdynamics.com/test-results/differences-of-sutton-stoner-air-and-slope-settings | https://www.sssdynamics.com/answers-12-common-questions-horizontal-motion-conveyors | https://www.sssdynamics.com/vibrating-conveyor-incinerator-ash-handling-systems | https://www.sssdynamics.com/considering-total-cost-ownership-capital-equipment | https://www.sssdynamics.com/contact-us/?interest=sutton+stoners | https://www.sssdynamics.com/resources/?fwp_product_type=sutton-stoners | https://www.sssdynamics.com/test-results/separation-evaluation-of-copper-aluminum-concentrate | https://www.sssdynamics.com/test-results/separating-soybeans-from-weed-seed | https://www.sssdynamics.com/solutions-center/scalping-barley | https://www.sssdynamics.com/solutions-center/?fwp_bulk_material=4795 | https://www.sssdynamics.com/solutions-center/scalping-corn | https://www.sssdynamics.com/test-results/conveying-chocolate-chips-and-chocolate-candy-pieces | https://www.sssdynamics.com/contact-us/?interest=sutton+gravity+separators | https://www.sssdynamics.com/test-results/removing-sand-from-tea-leaves | https://www.sssdynamics.com/solutions-center/?fwp_bulk_material=4746 | https://www.sssdynamics.com/solutions-center/?fwp_bulk_material=4742 | https://www.sssdynamics.com/solutions/conveying-dusty-ceramic-parts | https://www.sssdynamics.com/solutions-center/?fwp_bulk_material=4780 | https://www.sssdynamics.com/solutions-center/?fwp_bulk_material=4799 | https://www.sssdynamics.com/solutions-center/?fwp_bulk_material=4741 | https://www.sssdynamics.com/solutions-center/?fwp_bulk_material=4810 | https://www.sssdynamics.com/solutions-center/?fwp_bulk_material=4786 | https://www.sssdynamics.com/solutions-center/?fwp_bulk_material=4768 | https://www.sssdynamics.com/solutions-center/?fwp_bulk_material=4784 | https://www.sssdynamics.com/solutions-center/?fwp_bulk_material=5678
On-Page,Meta Description,"Meta description too long (175 chars, recommended: 120-160)",LOW,33,https://www.sssdynamics.com/solutions-center/?fwp_content_type=solutions | https://www.sssdynamics.com/solutions-center | https://www.sssdynamics.com/about/history | https://www.sssdynamics.com/solutions-center/?fwp_content_type=test_results | https://www.sssdynamics.com/solutions-center/?fwp_product_type=slipstick-sanitary&fwp_bulk_material=4748 | https://www.sssdynamics.com/solutions-center/?fwp_product_type=slipstick-sanitary&fwp_industry=food&fwp_bulk_material=4751 | https://www.sssdynamics.com/solutions-center/?fwp_product_type=slipstick-sanitary&fwp_industry=food&fwp_bulk_material=4794 | https://www.sssdynamics.com/solutions-center/?fwp_product_type=slipstick-sanitary&fwp_industry=food | https://www.sssdynamics.com/solutions-center/?fwp_product_type=slipstick-sanitary&fwp_industry=food&fwp_bulk_material=4800 | https://www.sssdynamics.com/solutions-center/?fwp_product_type=slipstick-sanitary&fwp_industry=food&fwp_bulk_material=4744 | https://www.sssdynamics.com/solutions-center/?fwp_product_type=slipstick-sanitary&fwp_industry=food&fwp_bulk_material=4784 | https://www.sssdynamics.com/solutions-center/?fwp_product_type=slipstick-sanitary&fwp_industry=food&fwp_bulk_material=4795 | https://www.sssdynamics.com/solutions-center/?fwp_product_type=slipstick-sanitary&fwp_bulk_material=4721 | https://www.sssdynamics.com/solutions-center/?fwp_product_type=slipstick-sanitary&fwp_industry=food&fwp_bulk_material=4801 | https://www.sssdynamics.com/solutions-center/?fwp_product_type=slipstick-sanitary&fwp_industry=food&fwp_bulk_material=4722 | https://www.sssdynamics.com/solutions-center/?fwp_product_type=slipstick-sanitary&fwp_industry=food&fwp_bulk_material=4738 | https://www.sssdynamics.com/solutions-center/conveying-incinerator-ash | https://www.sssdynamics.com/solutions-center/?fwp_product_type=slipstick-industrial&fwp_bulk_material=4788 | https://www.sssdynamics.com/solutions-center/?fwp_product_type=slipstick-industrial&fwp_bulk_material=4734 | https://www.sssdynamics.com/solutions-center/?fwp_product_type=slipstick-industrial&fwp_bulk_material=4731 | https://www.sssdynamics.com/solutions-center/?fwp_product_type=slipstick-industrial&fwp_bulk_material=4742 | https://www.sssdynamics.com/solutions-center/scalping-barley | https://www.sssdynamics.com/solutions-center/?fwp_bulk_material=4795 | https://www.sssdynamics.com/solutions-center/?fwp_bulk_material=4746 | https://www.sssdynamics.com/solutions-center/?fwp_bulk_material=4742 | https://www.sssdynamics.com/solutions-center/?fwp_bulk_material=4780 | https://www.sssdynamics.com/solutions-center/?fwp_bulk_material=4799 | https://www.sssdynamics.com/solutions-center/?fwp_bulk_material=4741 | https://www.sssdynamics.com/solutions-center/?fwp_bulk_material=4810 | https://www.sssdynamics.com/solutions-center/?fwp_bulk_material=4786 | https://www.sssdynamics.com/solutions-center/?fwp_bulk_material=4768 | https://www.sssdynamics.com/solutions-center/?fwp_bulk_material=4784 | https://www.sssdynamics.com/solutions-center/?fwp_bulk_material=5678
On-Page,Internal Links,Link without anchor text: https://www.sssdynamics.com/solutions-center/?fwp_,LOW,29,https://www.sssdynamics.com/solutions-center/?fwp_content_type=solutions | https://www.sssdynamics.com/solutions-center/?fwp_content_type=test_results | https://www.sssdynamics.com/solutions-center/?fwp_product_type=slipstick-sanitary&fwp_bulk_material=4748 | https://www.sssdynamics.com/solutions-center/?fwp_product_type=slipstick-sanitary&fwp_industry=food&fwp_bulk_material=4751 | https://www.sssdynamics.com/solutions-center/?fwp_product_type=slipstick-sanitary&fwp_industry=food&fwp_bulk_material=4794 | https://www.sssdynamics.com/solutions-center/?fwp_product_type=slipstick-sanitary&fwp_industry=food | https://www.sssdynamics.com/solutions-center/?fwp_product_type=slipstick-sanitary&fwp_industry=food&fwp_bulk_material=4800 | https://www.sssdynamics.com/solutions-center/?fwp_product_type=slipstick-sanitary&fwp_industry=food&fwp_bulk_material=4744 | https://www.sssdynamics.com/solutions-center/?fwp_product_type=slipstick-sanitary&fwp_industry=food&fwp_bulk_material=4784 | https://www.sssdynamics.com/solutions-center/?fwp_product_type=slipstick-sanitary&fwp_industry=food&fwp_bulk_material=4795 | https://www.sssdynamics.com/solutions-center/?fwp_product_type=slipstick-sanitary&fwp_bulk_material=4721 | https://www.sssdynamics.com/solutions-center/?fwp_product_type=slipstick-sanitary&fwp_industry=food&fwp_bulk_material=4801 | https://www.sssdynamics.com/solutions-center/?fwp_product_type=slipstick-sanitary&fwp_industry=food&fwp_bulk_material=4722 | https://www.sssdynamics.com/solutions-center/?fwp_product_type=slipstick-sanitary&fwp_industry=food&fwp_bulk_material=4738 | https://www.sssdynamics.com/solutions-center/?fwp_product_type=slipstick-industrial&fwp_bulk_material=4788 | https://www.sssdynamics.com/solutions-center/?fwp_product_type=slipstick-industrial&fwp_bulk_material=4734 | https://www.sssdynamics.com/solutions-center/?fwp_product_type=slipstick-industrial&fwp_bulk_material=4731 | https://www.sssdynamics.com/solutions-center/?fwp_product_type=slipstick-industrial&fwp_bulk_material=4742 | https://www.sssdynamics.com/solutions-center/?fwp_bulk_material=4795 | https://www.sssdynamics.com/solutions-center/?fwp_bulk_material=4746 | https://www.sssdynamics.com/solutions-center/?fwp_bulk_material=4742 | https://www.sssdynamics.com/solutions-center/?fwp_bulk_material=4780 | https://www.sssdynamics.com/solutions-center/?fwp_bulk_material=4799 | https://www.sssdynamics.com/solutions-center/?fwp_bulk_material=4741 | https://www.sssdynamics.com/solutions-center/?fwp_bulk_material=4810 | https://www.sssdynamics.com/solutions-center/?fwp_bulk_material=4786 | https://www.sssdynamics.com/solutions-center/?fwp_bulk_material=4768 | https://www.sssdynamics.com/solutions-center/?fwp_bulk_material=4784 | https://www.sssdynamics.com/solutions-center/?fwp_bulk_material=5678
On-Page,H1,H1 is identical to title tag (may indicate over-templating),LOW,25,https://www.sssdynamics.com/recommended-drive-rebuilds | https://www.sssdynamics.com/industries/metals-recycling | https://www.sssdynamics.com/resources | https://www.sssdynamics.com/resources/?fwp_product_type=bottom-ash | https://www.sssdynamics.com/wp-content/uploads/solution-story-reworld-hillsborough-190-ft-long.pdf | https://www.sssdynamics.com/resources/?fwp_product_type=slipstick-sanitary | https://www.sssdynamics.com/wp-content/uploads/equipment_audit-1.pdf | https://www.sssdynamics.com/resources/?fwp_equipment_category=screening | https://www.sssdynamics.com/resources/?fwp_equipment_category=mechanical-conveying | https://www.sssdynamics.com/wp-content/uploads/industrial-slipstick-brochure.pdf | https://www.sssdynamics.com/wp-content/uploads/sanitary-slipstick-brochure.pdf | https://www.sssdynamics.com/wp-content/uploads/corporate-brochure.pdf | https://www.sssdynamics.com/resources/?fwp_product_type=slipstick-industrial | https://www.sssdynamics.com/resources/?fwp_product_type=high-speed-screens | https://www.sssdynamics.com/resources/?fwp_equipment_category=density-separation | https://www.sssdynamics.com/resources/?fwp_product_type=texas-shaker-screeners | https://www.sssdynamics.com/resources/?fwp_product_type=gravity-separators | https://www.sssdynamics.com/wp-content/themes/va/pdf/the-wonder-of-the-age-brochure.pdf | https://www.sssdynamics.com/wp-content/themes/va/pdf/the-proof-of-the-pudding.pdf | https://www.sssdynamics.com/wp-content/themes/va/pdf/edwin-steele-1896.pdf | https://www.sssdynamics.com/wp-content/themes/va/pdf/gj-article.pdf | https://www.sssdynamics.com/resources/?fwp_product_type=vibratory-conveyors | https://www.sssdynamics.com/resources/?fwp_product_type=texas-shaker-screener | https://www.sssdynamics.com/considering-total-cost-ownership-capital-equipment | https://www.sssdynamics.com/resources/?fwp_product_type=sutton-stoners
On-Page,Internal Links,"Excessive internal links (195, recommended: <100)",LOW,18,https://www.sssdynamics.com/industries/foundry | https://www.sssdynamics.com/oem-parts-and-service/drive-rebuild | https://www.sssdynamics.com/resources/?fwp_product_type=bottom-ash | https://www.sssdynamics.com/about/employment | https://www.sssdynamics.com/solutions-center/?fwp_product_type=slipstick-sanitary&fwp_industry=food&fwp_bulk_material=4800 | https://www.sssdynamics.com/solutions-center/?fwp_product_type=slipstick-sanitary&fwp_industry=food&fwp_bulk_material=4795 | https://www.sssdynamics.com/solutions-center/?fwp_product_type=slipstick-sanitary&fwp_bulk_material=4721 | https://www.sssdynamics.com/solutions-center/?fwp_product_type=slipstick-industrial&fwp_bulk_material=4731 | https://www.sssdynamics.com/solutions-center/?fwp_product_type=slipstick-industrial&fwp_bulk_material=4742 | https://www.sssdynamics.com/lab-test-request | https://www.sssdynamics.com/slipstick-conveyor-quote-request | https://www.sssdynamics.com/texas-shaker-screener-quote-request | https://www.sssdynamics.com/solutions-center/?fwp_bulk_material=4746 | https://www.sssdynamics.com/solutions-center/?fwp_bulk_material=4742 | https://www.sssdynamics.com/solutions-center/?fwp_bulk_material=4780 | https://www.sssdynamics.com/solutions-center/?fwp_bulk_material=4741 | https://www.sssdynamics.com/solutions-center/?fwp_bulk_material=4768 | https://www.sssdynamics.com/solutions-center/?fwp_bulk_material=5678
On-Page,Internal Links,"Excessive internal links (194, recommended: <100)",LOW,14,https://www.sssdynamics.com/resources/videos | https://www.sssdynamics.com/contact | https://www.sssdynamics.com/about | https://www.sssdynamics.com/oem-parts-and-service/equipment-audit | https://www.sssdynamics.com/industries/metals-recycling | https://www.sssdynamics.com/contact-us | https://www.sssdynamics.com/industries/lithium-ion-battery-recycling | https://www.sssdynamics.com/resources/events | https://www.sssdynamics.com/contact-us/?interest=slipstick+industrial | https://www.sssdynamics.com/contact-us/?interest=high+speed+screens | https://www.sssdynamics.com/contact-us/?interest=vibratory+conveyors | https://www.sssdynamics.com/contact-us/?interest=texas+shaker+screeners | https://www.sssdynamics.com/contact-us/?interest=sutton+stoners | https://www.sssdynamics.com/contact-us/?interest=sutton+gravity+separators
On-Page,Internal Links,"Excessive internal links (198, recommended: <100)",LOW,13,https://www.sssdynamics.com/solutions/reworld-hillsborough-190ft-long | https://www.sssdynamics.com/equipment/vibratory-conveyors/gates-and-covers | https://www.sssdynamics.com/resources/case-studies/recycle-reuse-renew-existing-slipstick | https://www.sssdynamics.com/resources/case-studies/slipstick-alterations-increase-productivity-no-parts-cost-customer | https://www.sssdynamics.com/resources/case-studies/dewatering-problem-solved-mass-burn-incinerators | https://www.sssdynamics.com/resources/case-studies/slipstick-conveyor-solves-maintenance-dust-control-problems | https://www.sssdynamics.com/solutions-center/?fwp_product_type=slipstick-industrial&fwp_bulk_material=4734 | https://www.sssdynamics.com/dry-separations-processing-industry | https://www.sssdynamics.com/category/uncategorized | https://www.sssdynamics.com/transporting-hard-handle-materials-horizontal-motion-conveyor | https://www.sssdynamics.com/answers-12-common-questions-horizontal-motion-conveyors | https://www.sssdynamics.com/vibrating-conveyor-incinerator-ash-handling-systems | https://www.sssdynamics.com/considering-total-cost-ownership-capital-equipment
On-Page,Internal Links,"Excessive internal links (206, recommended: <100)",LOW,11,https://www.sssdynamics.com/solutions-center/?fwp_content_type=solutions | https://www.sssdynamics.com/solutions-center | https://www.sssdynamics.com/equipment/screening/high-speed-screens | https://www.sssdynamics.com/solutions-center/?fwp_content_type=test_results | https://www.sssdynamics.com/solutions-center/?fwp_product_type=slipstick-sanitary&fwp_industry=food | https://www.sssdynamics.com/equipment/vibratory-conveyors/slipstick-sanitary-conveyor | https://www.sssdynamics.com/resources/?fwp_equipment_category=screening | https://www.sssdynamics.com/solutions-center/conveying-incinerator-ash | https://www.sssdynamics.com/resources/?fwp_product_type=texas-shaker-screeners | https://www.sssdynamics.com/resources/?fwp_product_type=gravity-separators | https://www.sssdynamics.com/solutions-center/scalping-barley
On-Page,Internal Links,"Excessive internal links (196, recommended: <100)",LOW,11,https://www.sssdynamics.com/industries/wood-products | https://www.sssdynamics.com/industries/refuse | https://www.sssdynamics.com/solutions-center/?fwp_product_type=slipstick-sanitary&fwp_bulk_material=4748 | https://www.sssdynamics.com/solutions-center/?fwp_product_type=slipstick-sanitary&fwp_industry=food&fwp_bulk_material=4794 | https://www.sssdynamics.com/solutions-center/?fwp_product_type=slipstick-sanitary&fwp_industry=food&fwp_bulk_material=4744 | https://www.sssdynamics.com/solutions-center/?fwp_product_type=slipstick-sanitary&fwp_industry=food&fwp_bulk_material=4784 | https://www.sssdynamics.com/solutions-center/?fwp_product_type=slipstick-sanitary&fwp_industry=food&fwp_bulk_material=4722 | https://www.sssdynamics.com/solutions-center/?fwp_product_type=slipstick-sanitary&fwp_industry=food&fwp_bulk_material=4738 | https://www.sssdynamics.com/solutions-center/?fwp_product_type=slipstick-industrial&fwp_bulk_material=4788 | https://www.sssdynamics.com/solutions-center/?fwp_bulk_material=4795 | https://www.sssdynamics.com/solutions-center/?fwp_bulk_material=4810
On-Page,Internal Links,"Excessive internal links (201, recommended: <100)",LOW,11,https://www.sssdynamics.com/resources/case-studies | https://www.sssdynamics.com/equipment/density-separation | https://www.sssdynamics.com/test-results/separate-aluminum-and-copper | https://www.sssdynamics.com/solutions/mississippi-lime-company | https://www.sssdynamics.com/solutions/conveying-phenolic-flakes | https://www.sssdynamics.com/test-results/conveying-potassium-chloride | https://www.sssdynamics.com/solutions/conveying-cooked-meats | https://www.sssdynamics.com/test-results/whole-blanched-almonds | https://www.sssdynamics.com/test-results/differences-of-sutton-stoner-air-and-slope-settings | https://www.sssdynamics.com/test-results/removing-sand-from-tea-leaves | https://www.sssdynamics.com/solutions/conveying-dusty-ceramic-parts
On-Page,Internal Links,Link without anchor text: https://www.sssdynamics.com/resources/?fwp_product,LOW,9,https://www.sssdynamics.com/resources/?fwp_product_type=bottom-ash | https://www.sssdynamics.com/resources/?fwp_product_type=slipstick-sanitary | https://www.sssdynamics.com/resources/?fwp_product_type=slipstick-industrial | https://www.sssdynamics.com/resources/?fwp_product_type=high-speed-screens | https://www.sssdynamics.com/resources/?fwp_product_type=texas-shaker-screeners | https://www.sssdynamics.com/resources/?fwp_product_type=gravity-separators | https://www.sssdynamics.com/resources/?fwp_product_type=vibratory-conveyors | https://www.sssdynamics.com/resources/?fwp_product_type=texas-shaker-screener | https://www.sssdynamics.com/resources/?fwp_product_type=sutton-stoners
On-Page,Internal Links,"Excessive internal links (199, recommended: <100)",LOW,9,https://www.sssdynamics.com/test-results/screening-out-fines-from-pet-flakes | https://www.sssdynamics.com/solutions/slipstick-industrial-for-conveying-wet-cake-flakes | https://www.sssdynamics.com/solutions/screening-alfalfa-cubes-with-texas-shaker | https://www.sssdynamics.com/resources/case-studies/maximize-line-yields-reduce-product-degradation | https://www.sssdynamics.com/resources/case-studies/slipstick-conveyor-increases-line-yields | https://www.sssdynamics.com/genius-action-gravity-separators-work-part-ii | https://www.sssdynamics.com/conveyor-price-puzzle-little-roi-side | https://www.sssdynamics.com/resources/?fwp_product_type=texas-shaker-screener | https://www.sssdynamics.com/solutions-center/?fwp_bulk_material=4784
On-Page,Internal Links,Link without anchor text: https://www.sssdynamics.com/resources/case-studies,LOW,8,https://www.sssdynamics.com/resources/case-studies | https://www.sssdynamics.com/resources/case-studies/recycle-reuse-renew-existing-slipstick | https://www.sssdynamics.com/resources/case-studies/maximize-line-yields-reduce-product-degradation | https://www.sssdynamics.com/resources/case-studies/slipstick-conveyor-enables-system-upgrade-without-downtime-on-the-packaging-line | https://www.sssdynamics.com/resources/case-studies/slipstick-conveyor-increases-line-yields | https://www.sssdynamics.com/resources/case-studies/slipstick-alterations-increase-productivity-no-parts-cost-customer | https://www.sssdynamics.com/resources/case-studies/dewatering-problem-solved-mass-burn-incinerators | https://www.sssdynamics.com/resources/case-studies/slipstick-conveyor-solves-maintenance-dust-control-problems
On-Page,Internal Links,"Excessive internal links (200, recommended: <100)",LOW,8,https://www.sssdynamics.com/solutions/high-capacity-potash-screening-success-in-the-middle-east | https://www.sssdynamics.com/solutions/accumulating-fragile-baked-crackers-prior-to-packaging | https://www.sssdynamics.com/solutions/old-dutch-foods | https://www.sssdynamics.com/solutions/wellness-pet-company | https://www.sssdynamics.com/solutions/conveying-hot-ash-from-ash-dischargers | https://www.sssdynamics.com/solutions/conveying-bottom-ash | https://www.sssdynamics.com/resources/?fwp_product_type=high-speed-screens | https://www.sssdynamics.com/genius-action-gravity-separators-work-part
On-Page,Internal Links,"Excessive internal links (193, recommended: <100)",LOW,7,https://www.sssdynamics.com/free-ebook-vibratory-conveyor | https://www.sssdynamics.com/oem-parts-and-service/field-service | https://www.sssdynamics.com/oem-parts-and-service/request-a-manual | https://www.sssdynamics.com/equipment/vibratory-conveyors/vibratory-feeders | https://www.sssdynamics.com/oem-parts-and-service/oem-parts | https://www.sssdynamics.com/resources/applications-laboratory | https://www.sssdynamics.com/resources/glossary-of-terms
On-Page,Internal Links,"Excessive internal links (204, recommended: <100)",LOW,6,https://www.sssdynamics.com/industries | https://www.sssdynamics.com/resources | https://www.sssdynamics.com/oem-parts-and-service | https://www.sssdynamics.com/resources/?fwp_equipment_category=mechanical-conveying | https://www.sssdynamics.com/test-results/evaluation-of-scrapped-copper-wire-cable | https://www.sssdynamics.com/resources/?fwp_product_type=sutton-stoners
On-Page,Internal Links,Link without anchor text: https://www.sssdynamics.com/genius-action-gravity-,LOW,6,https://www.sssdynamics.com/news | https://www.sssdynamics.com/news | https://www.sssdynamics.com/genius-action-gravity-separators-work-part | https://www.sssdynamics.com/genius-action-gravity-separators-work-part-ii | https://www.sssdynamics.com/category/news-and-articles | https://www.sssdynamics.com/category/news-and-articles
On-Page,Internal Links,"Excessive internal links (205, recommended: <100)",LOW,5,https://www.sssdynamics.com/equipment/vibratory-conveyors | https://www.sssdynamics.com/resources/?fwp_product_type=slipstick-sanitary | https://www.sssdynamics.com/solutions/all-new-production-line-for-recycling-communication-wire | https://www.sssdynamics.com/resources/?fwp_product_type=slipstick-industrial | https://www.sssdynamics.com/resources/?fwp_equipment_category=density-separation
On-Page,Internal Links,"Excessive internal links (203, recommended: <100)",LOW,5,https://www.sssdynamics.com/equipment/screening | https://www.sssdynamics.com/test-results/screening-coke-from-gravel | https://www.sssdynamics.com/test-results/removing-stones-bones-from-meat-meal | https://www.sssdynamics.com/test-results/separating-soybeans-weed-seed | https://www.sssdynamics.com/solutions-center/?fwp_bulk_material=4786
On-Page,Internal Links,Link without anchor text: https://www.sssdynamics.com/oem-parts-and-service/,LOW,5,https://www.sssdynamics.com/oem-parts-and-service/field-service | https://www.sssdynamics.com/oem-parts-and-service/equipment-audit | https://www.sssdynamics.com/oem-parts-and-service/request-a-manual | https://www.sssdynamics.com/oem-parts-and-service/drive-rebuild | https://www.sssdynamics.com/oem-parts-and-service/oem-parts
On-Page,Internal Links,"Excessive internal links (197, recommended: <100)",LOW,5,https://www.sssdynamics.com/resources/faq | https://www.sssdynamics.com/solutions-center/?fwp_product_type=slipstick-sanitary&fwp_industry=food&fwp_bulk_material=4751 | https://www.sssdynamics.com/solutions-center/?fwp_product_type=slipstick-sanitary&fwp_industry=food&fwp_bulk_material=4801 | https://www.sssdynamics.com/triple-s-dynamics-at-petfood-forum-2024 | https://www.sssdynamics.com/solutions-center/?fwp_bulk_material=4799
On-Page,Meta Description,"Meta description too long (172 chars, recommended: 120-160)",LOW,3,https://www.sssdynamics.com/industries/food-grade-conveyors | https://www.sssdynamics.com/industries | https://www.sssdynamics.com/industries/food-wine
On-Page,Internal Links,Link without anchor text: https://www.sssdynamics.com/equipment/density-sepa,LOW,3,https://www.sssdynamics.com/equipment/density-separation | https://www.sssdynamics.com/equipment/density-separation/sutton-stoners | https://www.sssdynamics.com/equipment/density-separation/sutton-gravity-separators
On-Page,Internal Links,Link without anchor text: https://www.sssdynamics.com/about/history,LOW,3,https://www.sssdynamics.com/about/history | https://www.sssdynamics.com/about/history | https://www.sssdynamics.com/about/history
On-Page,Meta Description,"Meta description too long (173 chars, recommended: 120-160)",LOW,3,https://www.sssdynamics.com/oem-parts-and-service/drive-rebuild | https://www.sssdynamics.com/equipment/density-separation/sutton-gravity-separators | https://www.sssdynamics.com/resources/case-studies/slipstick-conveyor-enables-system-upgrade-without-downtime-on-the-packaging-line
On-Page,Internal Links,Link without anchor text: https://www.sssdynamics.com/triple-s-dynamics-at-p,LOW,3,https://www.sssdynamics.com/news | https://www.sssdynamics.com/triple-s-dynamics-at-petfood-forum-2024 | https://www.sssdynamics.com/category/news-and-articles
On-Page,Internal Links,Link without anchor text: https://www.sssdynamics.com/conveyor-price-puzzle-,LOW,3,https://www.sssdynamics.com/news | https://www.sssdynamics.com/category/news-and-articles | https://www.sssdynamics.com/conveyor-price-puzzle-little-roi-side
On-Page,Internal Links,Link without anchor text: https://www.sssdynamics.com/considering-total-cost,LOW,3,https://www.sssdynamics.com/news | https://www.sssdynamics.com/category/news-and-articles | https://www.sssdynamics.com/considering-total-cost-ownership-capital-equipment
On-Page,Internal Links,Link without anchor text: https://www.sssdynamics.com/dry-separations-proces,LOW,3,https://www.sssdynamics.com/news | https://www.sssdynamics.com/dry-separations-processing-industry | https://www.sssdynamics.com/category/news-and-articles
On-Page,Internal Links,Link without anchor text: https://www.sssdynamics.com/vibrating-conveyor-inc,LOW,3,https://www.sssdynamics.com/news | https://www.sssdynamics.com/category/news-and-articles | https://www.sssdynamics.com/vibrating-conveyor-incinerator-ash-handling-systems
On-Page,Internal Links,Link without anchor text: https://www.sssdynamics.com/transporting-hard-hand,LOW,3,https://www.sssdynamics.com/news | https://www.sssdynamics.com/category/news-and-articles | https://www.sssdynamics.com/transporting-hard-handle-materials-horizontal-motion-conveyor
On-Page,Internal Links,Link without anchor text: https://www.sssdynamics.com/test-results/screening,LOW,3,https://www.sssdynamics.com/test-results/screening-out-fines-from-pet-flakes | https://www.sssdynamics.com/test-results/screening-performance-of-texas-shaker | https://www.sssdynamics.com/test-results/screening-coke-from-gravel
On-Page,Internal Links,Link without anchor text: https://www.sssdynamics.com/contact-us/?interest=s,LOW,3,https://www.sssdynamics.com/contact-us/?interest=slipstick+industrial | https://www.sssdynamics.com/contact-us/?interest=sutton+stoners | https://www.sssdynamics.com/contact-us/?interest=sutton+gravity+separators
On-Page,Internal Links,"Excessive internal links (216, recommended: <100)",LOW,2,https://www.sssdynamics.com/ | https://www.sssdynamics.com/author/vapro
On-Page,Meta Description,"Meta description too long (186 chars, recommended: 120-160)",LOW,2,https://www.sssdynamics.com/equipment | https://www.sssdynamics.com/industries/chemical-fertilizers
On-Page,Internal Links,"Excessive internal links (209, recommended: <100)",LOW,2,https://www.sssdynamics.com/industries/chemical-fertilizers | https://www.sssdynamics.com/equipment/density-separation/sutton-gravity-separators
On-Page,Meta Description,"Meta description too long (169 chars, recommended: 120-160)",LOW,2,https://www.sssdynamics.com/oem-parts-and-service/equipment-audit | https://www.sssdynamics.com/resources/literature
On-Page,Internal Links,Link without anchor text: https://www.sssdynamics.com/author/vapro,LOW,2,https://www.sssdynamics.com/author/vapro | https://www.sssdynamics.com/author/vapro
On-Page,Internal Links,Link without anchor text: https://www.sssdynamics.com/solutions-center/scalp,LOW,2,https://www.sssdynamics.com/solutions-center/scalping-barley | https://www.sssdynamics.com/solutions-center/scalping-corn
On-Page,Internal Links,Link without anchor text: https://www.sssdynamics.com/resources/videos,LOW,1,https://www.sssdynamics.com/resources/videos
On-Page,Internal Links,Link without anchor text: https://www.sssdynamics.com/solutions/reworld-hill,LOW,1,https://www.sssdynamics.com/solutions/reworld-hillsborough-190ft-long
On-Page,Internal Links,Link without anchor text: https://www.sssdynamics.com/industries/food-grade-,LOW,1,https://www.sssdynamics.com/industries/food-grade-conveyors
On-Page,Internal Links,Link without anchor text: https://www.sssdynamics.com/contact,LOW,1,https://www.sssdynamics.com/contact
On-Page,Meta Description,"Meta description too long (162 chars, recommended: 120-160)",LOW,1,https://www.sssdynamics.com/free-ebook-vibratory-conveyor
On-Page,Internal Links,Link without anchor text: https://www.sssdynamics.com/free-ebook-vibratory-c,LOW,1,https://www.sssdynamics.com/free-ebook-vibratory-conveyor
On-Page,Meta Description,"Meta description too long (184 chars, recommended: 120-160)",LOW,1,https://www.sssdynamics.com/industries/wood-products
On-Page,Internal Links,Link without anchor text: https://www.sssdynamics.com/industries/wood-produc,LOW,1,https://www.sssdynamics.com/industries/wood-products
On-Page,Internal Links,Link without anchor text: https://www.sssdynamics.com/solutions-center,LOW,1,https://www.sssdynamics.com/solutions-center
On-Page,Internal Links,Link without anchor text: https://www.sssdynamics.com/equipment,LOW,1,https://www.sssdynamics.com/equipment
On-Page,Internal Links,"Excessive internal links (211, recommended: <100)",LOW,1,https://www.sssdynamics.com/equipment
On-Page,Internal Links,Link without anchor text: https://www.sssdynamics.com/equipment/screening,LOW,1,https://www.sssdynamics.com/equipment/screening
On-Page,Internal Links,Link without anchor text: https://www.sssdynamics.com/industries/chemical-fe,LOW,1,https://www.sssdynamics.com/industries/chemical-fertilizers
On-Page,Meta Description,"Meta description too long (174 chars, recommended: 120-160)",LOW,1,https://www.sssdynamics.com/about
On-Page,Internal Links,Link without anchor text: https://www.sssdynamics.com/about,LOW,1,https://www.sssdynamics.com/about
On-Page,Internal Links,Link without anchor text: https://www.sssdynamics.com/industries/refuse,LOW,1,https://www.sssdynamics.com/industries/refuse
On-Page,Internal Links,Link without anchor text: https://www.sssdynamics.com/industries,LOW,1,https://www.sssdynamics.com/industries
On-Page,Internal Links,Link without anchor text: https://www.sssdynamics.com/industries/metals-recy,LOW,1,https://www.sssdynamics.com/industries/metals-recycling
On-Page,Internal Links,Link without anchor text: https://www.sssdynamics.com/resources,LOW,1,https://www.sssdynamics.com/resources
On-Page,Internal Links,Link without anchor text: https://www.sssdynamics.com/industries/foundry,LOW,1,https://www.sssdynamics.com/industries/foundry
On-Page,Internal Links,"Excessive internal links (221, recommended: <100)",LOW,1,https://www.sssdynamics.com/equipment/vibratory-conveyors/slipstick-industrial
On-Page,Internal Links,Link without anchor text: https://www.sssdynamics.com/equipment/screening/hi,LOW,1,https://www.sssdynamics.com/equipment/screening/high-speed-screens
On-Page,Meta Description,"Meta description too long (180 chars, recommended: 120-160)",LOW,1,https://www.sssdynamics.com/equipment/density-separation
On-Page,Internal Links,Link without anchor text: https://www.sssdynamics.com/contact-us,LOW,1,https://www.sssdynamics.com/contact-us
On-Page,Internal Links,"Excessive internal links (249, recommended: <100)",LOW,1,https://www.sssdynamics.com/about/history
On-Page,Internal Links,Link without anchor text: https://www.sssdynamics.com/solutions/high-capacit,LOW,1,https://www.sssdynamics.com/solutions/high-capacity-potash-screening-success-in-the-middle-east
On-Page,Meta Description,"Meta description too long (165 chars, recommended: 120-160)",LOW,1,https://www.sssdynamics.com/oem-parts-and-service/oem-parts
On-Page,Internal Links,Link without anchor text: https://www.sssdynamics.com/resources/forms,LOW,1,https://www.sssdynamics.com/resources/forms
On-Page,Meta Description,"Meta description too long (167 chars, recommended: 120-160)",LOW,1,https://www.sssdynamics.com/resources/applications-laboratory
On-Page,Internal Links,Link without anchor text: https://www.sssdynamics.com/resources/applications,LOW,1,https://www.sssdynamics.com/resources/applications-laboratory
On-Page,Internal Links,Link without anchor text: https://www.sssdynamics.com/industries/lithium-ion,LOW,1,https://www.sssdynamics.com/industries/lithium-ion-battery-recycling
On-Page,Internal Links,"Excessive internal links (210, recommended: <100)",LOW,1,https://www.sssdynamics.com/equipment/vibratory-conveyors/other-vibratory-conveyors
On-Page,Internal Links,Link without anchor text: https://www.sssdynamics.com/news,LOW,1,https://www.sssdynamics.com/news
On-Page,Internal Links,Link without anchor text: https://www.sssdynamics.com/equipment/screening/te,LOW,1,https://www.sssdynamics.com/equipment/screening/texas-shaker-screeners
On-Page,Internal Links,"Excessive internal links (212, recommended: <100)",LOW,1,https://www.sssdynamics.com/equipment/screening/texas-shaker-screeners
On-Page,Meta Description,"Meta description too long (166 chars, recommended: 120-160)",LOW,1,https://www.sssdynamics.com/industries/agriculture-grains-nuts
On-Page,Internal Links,Link without anchor text: https://www.sssdynamics.com/industries/agriculture,LOW,1,https://www.sssdynamics.com/industries/agriculture-grains-nuts
On-Page,Meta Description,"Meta description too long (163 chars, recommended: 120-160)",LOW,1,https://www.sssdynamics.com/oem-parts-and-service
On-Page,Internal Links,Link without anchor text: https://www.sssdynamics.com/oem-parts-and-service,LOW,1,https://www.sssdynamics.com/oem-parts-and-service
On-Page,Internal Links,"Excessive internal links (208, recommended: <100)",LOW,1,https://www.sssdynamics.com/equipment/density-separation/sutton-stoners
On-Page,Internal Links,Link without anchor text: https://www.sssdynamics.com/resources/events,LOW,1,https://www.sssdynamics.com/resources/events
On-Page,Internal Links,Link without anchor text: https://www.sssdynamics.com/industries/minerals,LOW,1,https://www.sssdynamics.com/industries/minerals
On-Page,Meta Description,"Meta description too long (161 chars, recommended: 120-160)",LOW,1,https://www.sssdynamics.com/applications
On-Page,Internal Links,Link without anchor text: https://www.sssdynamics.com/solutions/triple-s-tes,LOW,1,https://www.sssdynamics.com/solutions/triple-s-test-results-separating-rubber-from-sand
On-Page,Internal Links,Link without anchor text: https://www.sssdynamics.com/resources/glossary-of-,LOW,1,https://www.sssdynamics.com/resources/glossary-of-terms
On-Page,Internal Links,Link without anchor text: https://www.sssdynamics.com/resources/faq,LOW,1,https://www.sssdynamics.com/resources/faq
On-Page,Internal Links,Link without anchor text: https://www.sssdynamics.com/about/employment,LOW,1,https://www.sssdynamics.com/about/employment
On-Page,Internal Links,Link without anchor text: https://www.sssdynamics.com/industries/food-wine,LOW,1,https://www.sssdynamics.com/industries/food-wine
On-Page,Meta Description,"Meta description too long (177 chars, recommended: 120-160)",LOW,1,https://www.sssdynamics.com/resources/case-studies/recycle-reuse-renew-existing-slipstick
On-Page,Meta Description,"Meta description too long (168 chars, recommended: 120-160)",LOW,1,https://www.sssdynamics.com/resources/case-studies/slipstick-conveyor-increases-line-yields
On-Page,Meta Description,"Meta description too long (171 chars, recommended: 120-160)",LOW,1,https://www.sssdynamics.com/resources/case-studies/slipstick-conveyor-solves-maintenance-dust-control-problems
On-Page,Internal Links,Link without anchor text: https://www.sssdynamics.com/contact-us/?interest=h,LOW,1,https://www.sssdynamics.com/contact-us/?interest=high+speed+screens
On-Page,Internal Links,Link without anchor text: https://www.sssdynamics.com/category/uncategorized,LOW,1,https://www.sssdynamics.com/category/uncategorized
On-Page,Internal Links,Link without anchor text: https://www.sssdynamics.com/contact-us/?interest=v,LOW,1,https://www.sssdynamics.com/contact-us/?interest=vibratory+conveyors
On-Page,Internal Links,Link without anchor text: https://www.sssdynamics.com/category/news-and-arti,LOW,1,https://www.sssdynamics.com/category/news-and-articles
On-Page,Internal Links,Link without anchor text: https://www.sssdynamics.com/contact-us/?interest=t,LOW,1,https://www.sssdynamics.com/contact-us/?interest=texas+shaker+screeners
